-- MySQL dump 10.13  Distrib 5.7.17, for Win64 (x86_64)
--
-- Host: localhost    Database: littleGarden
-- ------------------------------------------------------
-- Server version	5.5.5-10.3.17-MariaDB-0+deb10u1

/*!40101 SET @OLD_CHARACTER_SET_CLIENT=@@CHARACTER_SET_CLIENT */;
/*!40101 SET @OLD_CHARACTER_SET_RESULTS=@@CHARACTER_SET_RESULTS */;
/*!40101 SET @OLD_COLLATION_CONNECTION=@@COLLATION_CONNECTION */;
/*!40101 SET NAMES utf8 */;
/*!40103 SET @OLD_TIME_ZONE=@@TIME_ZONE */;
/*!40103 SET TIME_ZONE='+00:00' */;
/*!40014 SET @OLD_UNIQUE_CHECKS=@@UNIQUE_CHECKS, UNIQUE_CHECKS=0 */;
/*!40014 SET @OLD_FOREIGN_KEY_CHECKS=@@FOREIGN_KEY_CHECKS, FOREIGN_KEY_CHECKS=0 */;
/*!40101 SET @OLD_SQL_MODE=@@SQL_MODE, SQL_MODE='NO_AUTO_VALUE_ON_ZERO' */;
/*!40111 SET @OLD_SQL_NOTES=@@SQL_NOTES, SQL_NOTES=0 */;

--
-- Table structure for table `Devices`
--

DROP TABLE IF EXISTS `Devices`;
/*!40101 SET @saved_cs_client     = @@character_set_client */;
/*!40101 SET character_set_client = utf8 */;
CREATE TABLE `Devices` (
  `deviceId` int(11) NOT NULL AUTO_INCREMENT,
  `naam` varchar(30) NOT NULL,
  `merk` varchar(30) DEFAULT NULL,
  `prijs` float DEFAULT NULL,
  `beschrijving` varchar(200) DEFAULT NULL,
  `eenheid` varchar(10) NOT NULL DEFAULT '%',
  `typeDevice` varchar(30) NOT NULL,
  PRIMARY KEY (`deviceId`),
  UNIQUE KEY `naam_UNIQUE` (`naam`),
  KEY `IDX_typeDevice` (`typeDevice`)
) ENGINE=InnoDB AUTO_INCREMENT=53 DEFAULT CHARSET=utf8;
/*!40101 SET character_set_client = @saved_cs_client */;

--
-- Dumping data for table `Devices`
--

LOCK TABLES `Devices` WRITE;
/*!40000 ALTER TABLE `Devices` DISABLE KEYS */;
INSERT INTO `Devices` VALUES (1,'BH1750','',0,'Lichtsensor die een waarde in lux weergeeft. Werkt met SDA en SCL','lux','sensor'),(2,'YL-69','',3.77,'Grondwater sensor met ADC voor analoge waardes','%','sensor'),(3,'DHT11_humid','',0,'Dubbele sensor voor temperatuur en vochtigheid. Deze rij is voor luchtvochtigheid','%','sensor'),(4,'DHT11_temp','',0,'Dubbele sensor voor temperatuur en vochtigheid. Deze rij is voor temperatuur','°C','sensor'),(5,'Waterpomp','',0,'Voor water te pompen naar de kas','%','actuator'),(6,'LED strip',' ',0,'Voor planten te verlichten','lux','actuator');
/*!40000 ALTER TABLE `Devices` ENABLE KEYS */;
UNLOCK TABLES;

--
-- Table structure for table `Metingen`
--

DROP TABLE IF EXISTS `Metingen`;
/*!40101 SET @saved_cs_client     = @@character_set_client */;
/*!40101 SET character_set_client = utf8 */;
CREATE TABLE `Metingen` (
  `metingId` int(11) NOT NULL AUTO_INCREMENT,
  `deviceId` int(11) NOT NULL,
  `waarde` float NOT NULL DEFAULT 0,
  `commentaar` varchar(200) DEFAULT NULL,
  `datum` datetime NOT NULL,
  PRIMARY KEY (`metingId`),
  KEY `fk_Metingen_Devices1_idx` (`deviceId`),
  KEY `IDX_deviceId` (`deviceId`),
  KEY `IDX_waarde` (`waarde`),
  KEY `IDX_datum` (`datum`),
  CONSTRAINT `fk_Metingen_Devices1` FOREIGN KEY (`deviceId`) REFERENCES `Devices` (`deviceId`) ON DELETE NO ACTION ON UPDATE NO ACTION
) ENGINE=InnoDB AUTO_INCREMENT=2418 DEFAULT CHARSET=utf8;
/*!40101 SET character_set_client = @saved_cs_client */;

--
-- Dumping data for table `Metingen`
--

LOCK TABLES `Metingen` WRITE;
/*!40000 ALTER TABLE `Metingen` DISABLE KEYS */;
INSERT INTO `Metingen` VALUES (1,1,48,'odio. Phasellus at augue id ante dictum cursus. Nunc mauris','2018-05-26 00:00:00'),(2,4,21,'tristique pharetra. Quisque ac libero nec ligula consectetuer rhoncus. Nullam','2019-05-26 00:00:00'),(5,2,38,'ac, feugiat non, lobortis quis, pede. Suspendisse dui. Fusce diam','2018-05-26 00:00:00'),(6,2,74,'imperdiet non, vestibulum nec, euismod in, dolor. Fusce feugiat. Lorem','2019-05-26 00:00:00'),(7,3,32,'Mauris eu turpis. Nulla aliquet. Proin velit. Sed malesuada augue','2018-05-26 00:00:00'),(11,3,92,'vulputate, lacus. Cras interdum. Nunc sollicitudin commodo ipsum. Suspendisse non','2019-12-29 13:54:54'),(14,2,54,'auctor, velit eget laoreet posuere, enim nisl elementum purus, accumsan','2019-07-14 02:27:14'),(16,1,76,'tempor diam dictum sapien. Aenean massa. Integer vitae nibh. Donec','2019-09-23 16:35:03'),(18,3,53,'metus. In nec orci. Donec nibh. Quisque nonummy ipsum non','2019-09-14 20:41:17'),(19,4,88,'nec tellus. Nunc lectus pede, ultrices a, auctor non, feugiat','2019-12-26 01:24:40'),(21,1,23,'ultricies ligula. Nullam enim. Sed nulla ante, iaculis nec, eleifend','2019-07-18 15:15:43'),(22,2,85,'mauris ipsum porta elit, a feugiat tellus lorem eu metus.','2019-05-26 00:00:00'),(24,4,84,'erat eget ipsum. Suspendisse sagittis. Nullam vitae diam. Proin dolor.','2019-09-29 22:00:19'),(25,3,19,'est. Mauris eu turpis. Nulla aliquet. Proin velit. Sed malesuada','2019-10-15 18:49:12'),(26,2,49,'egestas blandit. Nam nulla magna, malesuada vel, convallis in, cursus','2020-03-06 15:11:01'),(29,2,83,'et nunc. Quisque ornare tortor at risus. Nunc ac sem','2019-05-26 00:00:00'),(30,3,99,'placerat. Cras dictum ultricies ligula. Nullam enim. Sed nulla ante,','2019-07-24 04:30:00'),(31,1,29,'arcu. Vestibulum ut eros non enim commodo hendrerit. Donec porttitor','2019-09-14 08:54:03'),(33,2,92,'aliquet libero. Integer in magna. Phasellus dolor elit, pellentesque a,','2020-05-06 03:49:16'),(36,4,19,'Quisque nonummy ipsum non arcu. Vivamus sit amet risus. Donec','2018-05-26 00:00:00'),(41,1,21,'commodo auctor velit. Aliquam nisl. Nulla eu neque pellentesque massa','2018-05-26 00:00:00'),(42,2,91,'Donec luctus aliquet odio. Etiam ligula tortor, dictum eu, placerat','2018-05-26 00:00:00'),(44,2,100,'in sodales elit erat vitae risus. Duis a mi fringilla','2018-05-26 00:00:00'),(49,2,12,'ullamcorper, nisl arcu iaculis enim, sit amet ornare lectus justo','2020-03-11 05:13:38'),(53,3,5,'Donec tempor, est ac mattis semper, dui lectus rutrum urna,','2018-05-26 00:00:00'),(100,1,0,' ','2020-05-26 19:03:12'),(101,2,20,'','2020-05-26 19:03:12'),(102,3,50,'','2020-05-26 19:03:12'),(103,4,52.12,'','2020-05-26 19:03:12'),(104,1,0,' ','2020-05-26 20:34:56'),(105,2,23.3333,'','2020-05-26 20:34:56'),(106,3,33,'','2020-05-26 20:34:56'),(107,4,24.04,'','2020-05-26 20:34:56'),(108,1,0,' ','2020-05-26 20:40:16'),(109,2,20,'','2020-05-26 20:40:16'),(110,3,33,'','2020-05-26 20:40:16'),(111,4,24.03,'','2020-05-26 20:40:16'),(112,1,0,' ','2020-05-26 20:40:42'),(113,2,16.6667,'','2020-05-26 20:40:42'),(114,3,30,'','2020-05-26 20:40:42'),(115,4,24.03,'','2020-05-26 20:40:42'),(116,1,0,' ','2020-05-26 20:41:47'),(117,2,20,'','2020-05-26 20:41:47'),(118,3,30,'','2020-05-26 20:41:47'),(119,4,24.02,'','2020-05-26 20:41:47'),(120,1,0,' ','2020-05-26 20:42:11'),(121,2,20,'','2020-05-26 20:42:11'),(122,3,30,'','2020-05-26 20:42:11'),(123,4,24.01,'','2020-05-26 20:42:11'),(124,1,229,' ','2020-05-26 21:59:36'),(125,2,0,'','2020-05-26 21:59:36'),(126,3,31,'','2020-05-26 21:59:36'),(127,4,24,'','2020-05-26 21:59:36'),(128,1,229,' ','2020-05-26 22:00:00'),(129,2,0,'','2020-05-26 22:00:00'),(130,3,33,'','2020-05-26 22:00:00'),(131,4,25.05,'','2020-05-26 22:00:00'),(132,1,229,' ','2020-05-26 22:00:53'),(133,2,0,'','2020-05-26 22:00:53'),(134,3,31,'','2020-05-26 22:00:53'),(135,4,25.06,'','2020-05-26 22:00:53'),(136,1,229,' ','2020-05-26 22:01:17'),(140,1,229,' ','2020-05-26 22:03:09'),(141,2,0,'','2020-05-26 22:03:09'),(142,3,31,'','2020-05-26 22:03:09'),(143,4,25.06,'','2020-05-26 22:03:09'),(144,1,229,' ','2020-05-26 22:03:33'),(145,2,0,'','2020-05-26 22:03:33'),(146,3,66,'','2020-05-26 22:03:33'),(148,1,229,' ','2020-05-26 22:04:40'),(149,2,0,'','2020-05-26 22:04:40'),(150,3,30,'','2020-05-26 22:04:40'),(151,4,25.06,'','2020-05-26 22:04:40'),(152,1,229,' ','2020-05-26 22:05:06'),(153,2,0,'','2020-05-26 22:05:06'),(154,3,33,'','2020-05-26 22:05:06'),(155,4,25.06,'','2020-05-26 22:05:06'),(156,1,229,' ','2020-05-26 22:06:09'),(157,2,0,'','2020-05-26 22:06:09'),(158,3,30,'','2020-05-26 22:06:09'),(159,4,25.06,'','2020-05-26 22:06:09'),(160,1,229,' ','2020-05-26 22:06:13'),(161,2,0,'','2020-05-26 22:06:13'),(162,3,30,'','2020-05-26 22:06:13'),(163,4,25.06,'','2020-05-26 22:06:13'),(164,1,229,' ','2020-05-26 22:06:34'),(165,2,0,'','2020-05-26 22:06:34'),(166,3,30,'','2020-05-26 22:06:34'),(167,4,25.06,'','2020-05-26 22:06:34'),(168,1,229,' ','2020-05-26 22:08:03'),(169,2,0,'','2020-05-26 22:08:03'),(170,3,31,'','2020-05-26 22:08:03'),(171,4,25.06,'','2020-05-26 22:08:03'),(172,1,229,' ','2020-05-26 22:09:17'),(173,2,0,'','2020-05-26 22:09:17'),(174,3,34,'','2020-05-26 22:09:17'),(175,4,25.06,'','2020-05-26 22:09:17'),(176,1,229,' ','2020-05-26 22:10:47'),(177,2,0,'','2020-05-26 22:10:47'),(178,3,33,'','2020-05-26 22:10:47'),(179,4,25.05,'','2020-05-26 22:10:47'),(180,1,229,'','2020-05-26 22:19:32'),(181,2,0,'','2020-05-26 22:19:32'),(182,3,34,'','2020-05-26 22:19:32'),(183,4,25.04,'','2020-05-26 22:19:32'),(184,1,229,'','2020-05-26 22:21:43'),(188,1,229,'','2020-05-26 22:22:48'),(189,2,0,'','2020-05-26 22:22:48'),(190,3,33,'','2020-05-26 22:22:48'),(191,4,25.05,'','2020-05-26 22:22:48'),(192,1,229,'','2020-05-26 22:27:43'),(193,2,0,'','2020-05-26 22:27:43'),(194,3,30,'','2020-05-26 22:27:43'),(195,4,25.05,'','2020-05-26 22:27:43'),(196,1,229,'','2020-05-26 22:33:54'),(197,2,0,'','2020-05-26 22:33:54'),(198,3,34,'','2020-05-26 22:33:54'),(199,4,25.02,'','2020-05-26 22:33:54'),(200,1,22.3851,'','2020-05-26 22:49:42'),(201,2,0,'','2020-05-26 22:49:42'),(202,3,34,'','2020-05-26 22:49:42'),(203,4,25.02,'','2020-05-26 22:49:42'),(204,1,22.3851,'','2020-05-26 22:50:48'),(205,2,0,'','2020-05-26 22:50:48'),(206,3,35,'','2020-05-26 22:50:48'),(207,4,24.07,'','2020-05-26 22:50:48'),(208,1,22.3851,'','2020-05-26 22:51:20'),(209,2,96.6667,'','2020-05-26 22:51:20'),(210,3,32,'','2020-05-26 22:51:20'),(211,1,100,'','2020-05-28 17:41:18'),(212,2,0,'','2020-05-28 17:41:18'),(213,3,35,'','2020-05-28 17:41:18'),(214,4,23.06,'','2020-05-28 17:41:18'),(215,1,100,'','2020-05-28 17:42:04'),(216,2,46.6667,'','2020-05-28 17:42:04'),(217,3,35,'','2020-05-28 17:42:04'),(218,4,23.06,'','2020-05-28 17:42:04'),(219,2,0,'','2020-05-28 18:53:36'),(220,1,30,'','2020-05-28 18:53:36'),(221,3,33,'','2020-05-28 18:53:36'),(222,4,23.06,'','2020-05-28 18:53:36'),(223,2,0,'','2020-05-28 19:01:52'),(224,1,36.6667,'','2020-05-28 19:01:52'),(225,3,35,'','2020-05-28 19:01:52'),(226,4,24,'','2020-05-28 19:01:52'),(227,2,0,'','2020-05-28 19:49:07'),(228,1,26.6667,'','2020-05-28 19:49:07'),(229,3,36,'','2020-05-28 19:49:07'),(230,4,23,'','2020-05-28 19:49:07'),(231,2,0,'','2020-05-28 19:59:07'),(232,1,23.3333,'','2020-05-28 19:59:07'),(233,3,35,'','2020-05-28 19:59:07'),(234,4,23,'','2020-05-28 19:59:07'),(235,2,0,'','2020-05-28 20:09:08'),(236,1,23.3333,'','2020-05-28 20:09:08'),(237,3,37,'','2020-05-28 20:09:08'),(238,4,23.04,'','2020-05-28 20:09:08'),(239,2,0,'','2020-05-28 20:14:48'),(240,1,23.3333,'','2020-05-28 20:14:48'),(241,3,34,'','2020-05-28 20:14:48'),(242,4,23.04,'','2020-05-28 20:14:48'),(243,2,0,'','2020-05-28 20:27:00'),(244,1,20,'','2020-05-28 20:27:00'),(245,3,39,'','2020-05-28 20:27:00'),(246,4,23.01,'','2020-05-28 20:27:00'),(247,2,0,'','2020-05-28 20:37:01'),(248,1,16.6667,'','2020-05-28 20:37:01'),(249,3,36,'','2020-05-28 20:37:01'),(250,4,23.01,'','2020-05-28 20:37:01'),(251,2,0,'','2020-05-28 20:49:18'),(252,1,10,'','2020-05-28 20:49:18'),(253,3,42,'','2020-05-28 20:49:18'),(254,4,22.06,'','2020-05-28 20:49:18'),(255,2,0,'','2020-05-28 20:53:23'),(256,1,13.3333,'','2020-05-28 20:53:23'),(257,3,39,'','2020-05-28 20:53:23'),(258,4,22.06,'','2020-05-28 20:53:23'),(259,2,0,'','2020-05-28 20:54:29'),(260,1,13.3333,'','2020-05-28 20:54:29'),(261,3,41,'','2020-05-28 20:54:29'),(262,4,22.07,'','2020-05-28 20:54:29'),(263,2,0,'','2020-05-28 21:47:02'),(264,1,0,'','2020-05-28 21:47:02'),(265,3,38,'','2020-05-28 21:47:02'),(266,4,23.04,'','2020-05-28 21:47:02'),(267,2,0,'','2020-05-28 21:47:29'),(268,1,0,'','2020-05-28 21:47:29'),(269,3,37,'','2020-05-28 21:47:29'),(270,4,23.06,'','2020-05-28 21:47:29'),(271,2,0,'','2020-05-28 21:48:07'),(272,1,0,'','2020-05-28 21:48:07'),(273,3,34,'','2020-05-28 21:48:07'),(274,4,23.06,'','2020-05-28 21:48:07'),(275,2,0,'','2020-05-28 21:49:49'),(276,1,0,'','2020-05-28 21:49:49'),(277,3,37,'','2020-05-28 21:49:49'),(278,4,23.06,'','2020-05-28 21:49:49'),(279,2,0,'','2020-05-28 21:54:54'),(280,1,0,'','2020-05-28 21:54:54'),(281,3,34,'','2020-05-28 21:54:54'),(282,4,23.06,'','2020-05-28 21:54:54'),(283,2,0,'','2020-05-28 21:56:34'),(284,1,0,'','2020-05-28 21:56:34'),(285,3,37,'','2020-05-28 21:56:34'),(286,4,23.07,'','2020-05-28 21:56:34'),(287,2,100,'','2020-06-02 20:21:46'),(289,3,39,'','2020-06-02 20:21:46'),(290,4,26.05,'','2020-06-02 20:21:46'),(291,2,100,'','2020-06-02 20:22:29'),(293,3,35,'','2020-06-02 20:22:29'),(294,4,26.06,'','2020-06-02 20:22:29'),(295,2,100,'','2020-06-02 20:23:17'),(297,3,34,'','2020-06-02 20:23:17'),(298,4,26.06,'','2020-06-02 20:23:17'),(299,2,100,'','2020-06-02 20:25:46'),(300,1,6.66667,'','2020-06-02 20:25:46'),(301,3,34,'','2020-06-02 20:25:46'),(302,4,26.06,'','2020-06-02 20:25:46'),(303,2,100,'','2020-06-02 20:28:50'),(304,1,6.66667,'','2020-06-02 20:28:50'),(305,3,38,'','2020-06-02 20:28:50'),(306,4,26.09,'','2020-06-02 20:28:50'),(307,2,43.304,'','2020-06-02 20:31:01'),(308,1,6.66667,'','2020-06-02 20:31:01'),(309,3,35,'','2020-06-02 20:31:01'),(310,4,26.09,'','2020-06-02 20:31:01'),(311,2,43.304,'','2020-06-02 21:26:10'),(312,1,3.33333,'','2020-06-02 21:26:10'),(313,3,37,'','2020-06-02 21:26:10'),(314,4,27,'','2020-06-02 21:26:10'),(315,2,43.304,'','2020-06-02 21:27:58'),(316,1,113.333,'','2020-06-02 21:27:58'),(317,3,38,'','2020-06-02 21:27:58'),(318,4,27,'','2020-06-02 21:27:58'),(319,2,43.304,'','2020-06-02 21:28:32'),(320,1,833.333,'','2020-06-02 21:28:32'),(321,3,38,'','2020-06-02 21:28:32'),(322,4,27,'','2020-06-02 21:28:32'),(323,2,100,'','2020-06-03 12:08:06'),(324,1,0,'','2020-06-03 12:08:06'),(325,3,35,'','2020-06-03 12:08:06'),(326,4,26.08,'','2020-06-03 12:08:06'),(327,2,50.9286,'','2020-06-03 12:08:58'),(328,1,20,'','2020-06-03 12:08:58'),(329,3,33,'','2020-06-03 12:08:58'),(330,4,26.07,'','2020-06-03 12:08:58'),(331,2,50.9286,'','2020-06-03 16:04:27'),(332,1,20,'','2020-06-03 16:04:27'),(333,3,35,'','2020-06-03 16:04:27'),(334,4,24,'','2020-06-03 16:04:27'),(335,2,50.9286,'','2020-06-03 16:15:13'),(336,1,20,'','2020-06-03 16:15:13'),(337,3,36,'','2020-06-03 16:15:13'),(338,4,24.02,'','2020-06-03 16:15:13'),(339,2,50.9286,'','2020-06-03 16:25:44'),(340,1,16.6667,'','2020-06-03 16:25:44'),(341,3,34,'','2020-06-03 16:25:44'),(342,4,24.02,'','2020-06-03 16:25:44'),(343,2,50.9286,'','2020-06-03 16:36:11'),(344,1,16.6667,'','2020-06-03 16:36:11'),(345,3,37,'','2020-06-03 16:36:11'),(346,4,24,'','2020-06-03 16:36:11'),(347,2,81.1339,'','2020-06-04 20:37:19'),(348,1,3.33333,'','2020-06-04 20:37:19'),(349,3,38,'','2020-06-04 20:37:19'),(351,2,77.7126,'','2020-06-04 20:47:35'),(352,1,0,'','2020-06-04 20:47:35'),(353,3,38,'','2020-06-04 20:47:35'),(354,4,25.01,'','2020-06-04 20:47:35'),(355,2,80.3519,'','2020-06-04 20:58:09'),(356,1,0,'','2020-06-04 20:58:09'),(357,3,37,'','2020-06-04 20:58:09'),(358,4,25.01,'','2020-06-04 20:58:09'),(359,2,99.4135,'','2020-06-04 21:08:54'),(360,1,0,'','2020-06-04 21:08:54'),(361,3,37,'','2020-06-04 21:08:54'),(362,4,25.02,'','2020-06-04 21:08:54'),(363,2,91.7889,'','2020-06-04 21:16:56'),(364,1,0,'','2020-06-04 21:16:56'),(365,3,37,'','2020-06-04 21:16:56'),(366,4,25.03,'','2020-06-04 21:16:56'),(367,2,83.7732,'','2020-06-04 21:18:38'),(368,1,0,'','2020-06-04 21:18:38'),(369,2,98.6315,'','2020-06-04 21:19:30'),(370,1,0,'','2020-06-04 21:19:30'),(371,2,98.827,'','2020-06-04 21:20:13'),(372,1,0,'','2020-06-04 21:20:13'),(373,3,34,'','2020-06-04 21:20:13'),(374,4,25.03,'','2020-06-04 21:20:13'),(375,2,95.4057,'','2020-06-04 21:22:00'),(376,1,0,'','2020-06-04 21:22:00'),(377,3,34,'','2020-06-04 21:22:00'),(378,4,25.03,'','2020-06-04 21:22:00'),(379,2,97.4585,'','2020-06-04 21:23:40'),(380,1,0,'','2020-06-04 21:23:40'),(381,3,33,'','2020-06-04 21:23:40'),(382,4,25.04,'','2020-06-04 21:23:40'),(383,2,99.0225,'','2020-06-04 21:27:39'),(384,1,0,'','2020-06-04 21:27:39'),(385,3,34,'','2020-06-04 21:27:39'),(387,2,98.9247,'','2020-06-04 21:28:47'),(388,1,0,'','2020-06-04 21:28:47'),(389,3,37,'','2020-06-04 21:28:47'),(390,4,25.04,'','2020-06-04 21:28:47'),(391,2,89.2473,'','2020-06-04 21:34:14'),(392,1,0,'','2020-06-04 21:34:14'),(393,3,37,'','2020-06-04 21:34:14'),(394,4,25.04,'','2020-06-04 21:34:14'),(395,2,96.7742,'','2020-06-04 21:36:32'),(396,1,0,'','2020-06-04 21:36:32'),(397,3,37,'','2020-06-04 21:36:32'),(398,4,25.04,'','2020-06-04 21:36:32'),(399,2,97.1652,'','2020-06-04 21:39:06'),(400,1,0,'','2020-06-04 21:39:06'),(401,3,36,'','2020-06-04 21:39:06'),(402,4,25.04,'','2020-06-04 21:39:06'),(403,2,80.1564,'','2020-06-04 21:41:23'),(404,1,0,'','2020-06-04 21:41:23'),(405,3,37,'','2020-06-04 21:41:23'),(406,4,25.04,'','2020-06-04 21:41:23'),(407,2,81.1339,'','2020-06-04 21:43:03'),(408,1,0,'','2020-06-04 21:43:03'),(409,3,36,'','2020-06-04 21:43:03'),(410,4,25.04,'','2020-06-04 21:43:03'),(411,2,83.9687,'','2020-06-04 21:47:15'),(412,1,0,'','2020-06-04 21:47:15'),(413,3,36,'','2020-06-04 21:47:15'),(414,4,25.04,'','2020-06-04 21:47:15'),(415,2,77.8104,'','2020-06-04 21:48:36'),(416,1,0,'','2020-06-04 21:48:36'),(417,3,36,'','2020-06-04 21:48:36'),(418,4,25.04,'','2020-06-04 21:48:36'),(419,2,78.3969,'','2020-06-04 21:49:43'),(420,1,0,'','2020-06-04 21:49:43'),(421,3,36,'','2020-06-04 21:49:43'),(422,4,25.04,'','2020-06-04 21:49:43'),(423,2,82.0137,'','2020-06-04 21:51:00'),(424,1,0,'','2020-06-04 21:51:00'),(425,3,37,'','2020-06-04 21:51:00'),(426,4,25.04,'','2020-06-04 21:51:00'),(427,2,86.7058,'','2020-06-04 21:52:59'),(428,1,0,'','2020-06-04 21:52:59'),(429,3,36,'','2020-06-04 21:52:59'),(430,4,25.04,'','2020-06-04 21:52:59'),(431,2,93.3529,'','2020-06-04 21:58:45'),(432,1,0,'','2020-06-04 21:58:45'),(433,3,36,'','2020-06-04 21:58:45'),(434,4,25.04,'','2020-06-04 21:58:45'),(435,2,86.217,'','2020-06-04 22:00:08'),(436,1,0,'','2020-06-04 22:00:08'),(437,3,36,'','2020-06-04 22:00:08'),(438,4,25.05,'','2020-06-04 22:00:08'),(439,2,99.609,'','2020-06-04 22:01:46'),(440,1,0,'','2020-06-04 22:01:46'),(441,3,36,'','2020-06-04 22:01:46'),(442,4,25.05,'','2020-06-04 22:01:46'),(443,2,83.9687,'','2020-06-04 22:06:00'),(444,1,0,'','2020-06-04 22:06:00'),(445,3,33,'','2020-06-04 22:06:00'),(446,4,25.05,'','2020-06-04 22:06:00'),(447,2,81.9159,'','2020-06-04 22:10:43'),(448,1,0,'','2020-06-04 22:10:43'),(449,3,36,'','2020-06-04 22:10:43'),(450,4,25.05,'','2020-06-04 22:10:43'),(451,2,77.4194,'','2020-06-04 22:11:27'),(452,1,0,'','2020-06-04 22:11:27'),(453,3,33,'','2020-06-04 22:11:27'),(454,4,25.05,'','2020-06-04 22:11:27'),(455,2,98.7292,'','2020-06-04 22:14:52'),(456,1,0,'','2020-06-04 22:14:52'),(457,3,33,'','2020-06-04 22:14:52'),(458,4,25.05,'','2020-06-04 22:14:52'),(459,2,89.0518,'','2020-06-04 22:17:45'),(460,1,0,'','2020-06-04 22:17:45'),(461,3,36,'','2020-06-04 22:17:45'),(462,4,25.05,'','2020-06-04 22:17:45'),(463,2,100,'','2020-06-04 22:18:28'),(464,1,0,'','2020-06-04 22:18:28'),(465,3,33,'','2020-06-04 22:18:28'),(466,4,25.05,'','2020-06-04 22:18:28'),(467,2,81.9159,'','2020-06-04 22:20:21'),(468,1,0,'','2020-06-04 22:20:21'),(469,3,33,'','2020-06-04 22:20:21'),(470,4,25.05,'','2020-06-04 22:20:21'),(471,2,90.2248,'','2020-06-04 22:30:51'),(472,1,0,'','2020-06-04 22:30:51'),(473,3,36,'','2020-06-04 22:30:51'),(474,4,25.01,'','2020-06-04 22:30:51'),(475,2,98.1427,'','2020-06-04 22:41:08'),(476,1,0,'','2020-06-04 22:41:08'),(477,3,33,'','2020-06-04 22:41:08'),(478,4,25.01,'','2020-06-04 22:41:08'),(479,2,95.9922,'','2020-06-04 22:42:51'),(480,1,0,'','2020-06-04 22:42:51'),(481,3,35,'','2020-06-04 22:42:51'),(482,4,25.05,'','2020-06-04 22:42:51'),(483,2,88.8563,'','2020-06-04 22:53:14'),(484,1,0,'','2020-06-04 22:53:14'),(485,3,35,'','2020-06-04 22:53:14'),(486,4,25.05,'','2020-06-04 22:53:14'),(487,2,81.8182,'','2020-06-04 23:00:06'),(488,1,0,'','2020-06-04 23:00:06'),(489,3,32,'','2020-06-04 23:00:06'),(490,4,25.05,'','2020-06-04 23:00:06'),(491,2,80.5474,'','2020-06-04 23:01:12'),(492,1,0,'','2020-06-04 23:01:12'),(493,3,35,'','2020-06-04 23:01:12'),(494,4,25.06,'','2020-06-04 23:01:12'),(495,2,77.3216,'','2020-06-04 23:05:41'),(496,1,0,'','2020-06-04 23:05:41'),(497,3,34,'','2020-06-04 23:05:41'),(498,4,25.05,'','2020-06-04 23:05:41'),(499,2,98.9247,'','2020-06-04 23:10:12'),(500,1,0,'','2020-06-04 23:10:12'),(501,3,34,'','2020-06-04 23:10:12'),(502,4,25.05,'','2020-06-04 23:10:12'),(503,2,81.5249,'','2020-06-04 23:15:02'),(504,1,0,'','2020-06-04 23:15:02'),(505,3,35,'','2020-06-04 23:15:02'),(506,4,25.05,'','2020-06-04 23:15:02'),(507,2,82.0137,'','2020-06-04 23:17:51'),(508,1,0,'','2020-06-04 23:17:51'),(509,3,34,'','2020-06-04 23:17:51'),(510,4,25.06,'','2020-06-04 23:17:51'),(511,2,84.3597,'','2020-06-04 23:20:55'),(512,1,0,'','2020-06-04 23:20:55'),(513,3,35,'','2020-06-04 23:20:55'),(514,4,25.06,'','2020-06-04 23:20:55'),(515,2,81.6227,'','2020-06-04 23:22:30'),(516,1,0,'','2020-06-04 23:22:30'),(517,3,35,'','2020-06-04 23:22:30'),(518,4,25.05,'','2020-06-04 23:22:30'),(519,2,88.6608,'','2020-06-04 23:24:13'),(520,1,0,'','2020-06-04 23:24:13'),(521,3,35,'','2020-06-04 23:24:13'),(522,4,25.05,'','2020-06-04 23:24:13'),(523,2,100,'','2020-06-04 23:26:32'),(524,1,0,'','2020-06-04 23:26:32'),(525,3,35,'','2020-06-04 23:26:32'),(526,4,25.05,'','2020-06-04 23:26:32'),(527,2,94.9169,'','2020-06-04 23:28:19'),(528,1,0,'','2020-06-04 23:28:19'),(529,3,32,'','2020-06-04 23:28:19'),(530,4,25.05,'','2020-06-04 23:28:19'),(531,2,80.8407,'','2020-06-04 23:38:03'),(532,1,0,'','2020-06-04 23:38:03'),(533,3,35,'','2020-06-04 23:38:03'),(534,4,25.05,'','2020-06-04 23:38:03'),(535,2,99.609,'','2020-06-04 23:39:35'),(536,1,0,'','2020-06-04 23:39:35'),(537,3,32,'','2020-06-04 23:39:35'),(538,4,25.05,'','2020-06-04 23:39:35'),(539,2,78.0059,'','2020-06-04 23:42:54'),(540,1,0,'','2020-06-04 23:42:54'),(541,3,34,'','2020-06-04 23:42:54'),(542,4,25.05,'','2020-06-04 23:42:54'),(543,2,86.217,'','2020-06-04 23:44:29'),(544,1,0,'','2020-06-04 23:44:29'),(545,3,34,'','2020-06-04 23:44:29'),(546,4,25.05,'','2020-06-04 23:44:29'),(547,2,83.089,'','2020-06-04 23:49:07'),(549,3,34,'','2020-06-04 23:49:07'),(550,4,25.05,'','2020-06-04 23:49:07'),(551,2,99.609,'','2020-06-04 23:50:29'),(552,1,0,'','2020-06-04 23:50:29'),(553,3,35,'','2020-06-04 23:50:29'),(554,4,25.06,'','2020-06-04 23:50:29'),(555,2,90.1271,'','2020-06-04 23:51:40'),(556,1,0,'','2020-06-04 23:51:40'),(557,3,35,'','2020-06-04 23:51:40'),(558,4,25.06,'','2020-06-04 23:51:40'),(559,2,96.9697,'','2020-06-05 21:25:48'),(560,1,0,'','2020-06-05 21:25:48'),(561,3,38,'','2020-06-05 21:25:48'),(562,4,23.09,'','2020-06-05 21:25:48'),(563,2,79.1789,'','2020-06-05 21:36:15'),(564,1,3.33333,'','2020-06-05 21:36:15'),(565,3,34,'','2020-06-05 21:36:15'),(566,4,24.01,'','2020-06-05 21:36:15'),(567,2,100,'','2020-06-05 21:46:38'),(568,1,3.33333,'','2020-06-05 21:46:38'),(569,3,35,'','2020-06-05 21:46:38'),(570,4,24.01,'','2020-06-05 21:46:38'),(571,2,81.5249,'','2020-06-05 21:57:03'),(572,1,0,'','2020-06-05 21:57:03'),(573,3,34,'','2020-06-05 21:57:03'),(574,4,24.01,'','2020-06-05 21:57:03'),(575,2,94.0371,'','2020-06-05 22:07:28'),(576,1,0,'','2020-06-05 22:07:28'),(577,3,34,'','2020-06-05 22:07:28'),(578,4,24.01,'','2020-06-05 22:07:28'),(579,2,78.0059,'','2020-06-05 22:18:01'),(580,1,0,'','2020-06-05 22:18:01'),(581,3,31,'','2020-06-05 22:18:01'),(582,4,24.01,'','2020-06-05 22:18:01'),(583,2,96.0899,'','2020-06-05 22:28:40'),(584,1,0,'','2020-06-05 22:28:40'),(585,3,34,'','2020-06-05 22:28:40'),(586,4,24.01,'','2020-06-05 22:28:40'),(587,2,92.1799,'','2020-06-05 22:39:10'),(588,1,0,'','2020-06-05 22:39:10'),(589,3,35,'','2020-06-05 22:39:10'),(590,4,24,'','2020-06-05 22:39:10'),(591,2,78.1036,'','2020-06-05 22:49:31'),(592,1,0,'','2020-06-05 22:49:31'),(593,3,35,'','2020-06-05 22:49:31'),(594,4,24,'','2020-06-05 22:49:31'),(595,2,81.8182,'','2020-06-05 23:00:02'),(596,1,0,'','2020-06-05 23:00:02'),(597,3,34,'','2020-06-05 23:00:02'),(598,4,23.09,'','2020-06-05 23:00:02'),(599,2,99.9022,'','2020-06-05 23:10:34'),(600,1,0,'','2020-06-05 23:10:34'),(601,3,34,'','2020-06-05 23:10:34'),(602,4,24,'','2020-06-05 23:10:34'),(603,2,99.7067,'','2020-06-05 23:20:55'),(604,1,0,'','2020-06-05 23:20:55'),(605,3,34,'','2020-06-05 23:20:55'),(606,4,23.09,'','2020-06-05 23:20:55'),(607,2,84.3597,'','2020-06-05 23:31:15'),(608,1,0,'','2020-06-05 23:31:15'),(609,3,35,'','2020-06-05 23:31:15'),(610,4,23.07,'','2020-06-05 23:31:15'),(611,2,77.7126,'','2020-06-05 23:41:40'),(612,1,0,'','2020-06-05 23:41:40'),(613,3,34,'','2020-06-05 23:41:40'),(614,4,23.08,'','2020-06-05 23:41:40'),(615,2,79.0811,'','2020-06-05 23:52:04'),(616,1,0,'','2020-06-05 23:52:04'),(617,3,34,'','2020-06-05 23:52:04'),(618,4,23.08,'','2020-06-05 23:52:04'),(619,2,95.1124,'','2020-06-06 00:02:35'),(620,1,0,'','2020-06-06 00:02:35'),(621,3,31,'','2020-06-06 00:02:35'),(622,4,23.09,'','2020-06-06 00:02:35'),(623,2,77.1261,'','2020-06-06 15:32:58'),(624,1,0,'','2020-06-06 15:32:58'),(625,3,30,'','2020-06-06 15:32:58'),(626,4,23.02,'','2020-06-06 15:32:58'),(644,2,88.9541,'','2020-06-06 16:40:13'),(645,1,26.6667,'','2020-06-06 16:40:13'),(646,3,31,'','2020-06-06 16:40:13'),(647,4,22.08,'','2020-06-06 16:40:13'),(648,2,100,'','2020-06-06 16:50:43'),(649,1,20,'','2020-06-06 16:50:43'),(650,3,34,'','2020-06-06 16:50:43'),(651,4,23.01,'','2020-06-06 16:50:43'),(652,2,94.7214,'','2020-06-06 17:01:23'),(653,1,16.6667,'','2020-06-06 17:01:23'),(654,3,31,'','2020-06-06 17:01:23'),(655,4,23.01,'','2020-06-06 17:01:23'),(656,2,98.827,'','2020-06-06 17:05:01'),(657,1,16.6667,'','2020-06-06 17:05:01'),(658,3,33,'','2020-06-06 17:05:01'),(659,4,23.03,'','2020-06-06 17:05:01'),(660,2,95.7967,'','2020-06-06 17:07:29'),(661,1,13.3333,'','2020-06-06 17:07:29'),(662,3,34,'','2020-06-06 17:07:29'),(663,4,23.04,'','2020-06-06 17:07:29'),(664,2,84.5552,'','2020-06-06 17:08:44'),(665,1,13.3333,'','2020-06-06 17:08:44'),(666,3,34,'','2020-06-06 17:08:44'),(667,4,23.04,'','2020-06-06 17:08:44'),(668,2,77.8104,'','2020-06-06 17:09:29'),(669,1,13.3333,'','2020-06-06 17:09:29'),(670,2,91.2023,'','2020-06-06 17:10:19'),(671,1,16.6667,'','2020-06-06 17:10:19'),(672,3,31,'','2020-06-06 17:10:19'),(673,4,23.04,'','2020-06-06 17:10:19'),(674,2,97.9472,'','2020-06-06 17:16:33'),(675,2,80.2542,'','2020-06-06 17:17:11'),(676,1,16.6667,'','2020-06-06 17:17:11'),(677,3,31,'','2020-06-06 17:17:11'),(678,4,23.04,'','2020-06-06 17:17:11'),(679,2,82.5024,'','2020-06-06 17:18:31'),(680,1,16.6667,'','2020-06-06 17:18:31'),(681,3,31,'','2020-06-06 17:18:31'),(682,4,23.05,'','2020-06-06 17:18:31'),(683,2,96.6764,'','2020-06-06 17:20:01'),(684,1,16.6667,'','2020-06-06 17:20:01'),(685,3,31,'','2020-06-06 17:20:01'),(686,4,23.04,'','2020-06-06 17:20:01'),(687,2,82.6002,'','2020-06-06 17:30:24'),(688,1,20,'','2020-06-06 17:30:24'),(689,3,34,'','2020-06-06 17:30:24'),(690,4,23.05,'','2020-06-06 17:30:24'),(691,2,81.4272,'','2020-06-06 17:40:50'),(692,1,36.6667,'','2020-06-06 17:40:50'),(693,3,33,'','2020-06-06 17:40:50'),(694,4,23.06,'','2020-06-06 17:40:50'),(695,2,100,'','2020-06-06 17:51:18'),(696,1,36.6667,'','2020-06-06 17:51:18'),(697,3,34,'','2020-06-06 17:51:18'),(698,2,98.2405,'','2020-06-06 18:46:21'),(699,1,26.6667,'','2020-06-06 18:46:21'),(700,3,34,'','2020-06-06 18:46:21'),(701,4,23.08,'','2020-06-06 18:46:21'),(702,2,82.7957,'','2020-06-06 18:56:48'),(703,1,43.3333,'','2020-06-06 18:56:48'),(704,3,33,'','2020-06-06 18:56:48'),(705,4,23.04,'','2020-06-06 18:56:48'),(706,2,79.1789,'','2020-06-06 19:07:19'),(707,1,23.3333,'','2020-06-06 19:07:19'),(708,3,32,'','2020-06-06 19:07:19'),(709,4,23.04,'','2020-06-06 19:07:19'),(710,2,91.4956,'','2020-06-06 19:17:42'),(711,1,26.6667,'','2020-06-06 19:17:42'),(712,3,35,'','2020-06-06 19:17:42'),(713,4,23.09,'','2020-06-06 19:17:42'),(714,2,98.9247,'','2020-06-06 19:28:09'),(715,1,10,'','2020-06-06 19:28:09'),(716,3,32,'','2020-06-06 19:28:09'),(717,4,23.09,'','2020-06-06 19:28:09'),(718,2,96.8719,'','2020-06-06 19:30:13'),(719,1,10,'','2020-06-06 19:30:13'),(720,3,36,'','2020-06-06 19:30:13'),(721,4,24.01,'','2020-06-06 19:30:13'),(722,2,77.8104,'','2020-06-06 19:33:09'),(723,1,6.66667,'','2020-06-06 19:33:09'),(724,3,36,'','2020-06-06 19:33:09'),(725,4,24.01,'','2020-06-06 19:33:09'),(726,2,99.8045,'','2020-06-06 19:35:27'),(727,1,10,'','2020-06-06 19:35:27'),(728,3,36,'','2020-06-06 19:35:27'),(729,4,24.02,'','2020-06-06 19:35:27'),(730,2,91.0068,'','2020-06-06 19:39:51'),(731,1,6.66667,'','2020-06-06 19:39:51'),(732,3,35,'','2020-06-06 19:39:51'),(733,4,24.02,'','2020-06-06 19:39:51'),(734,2,96.7742,'','2020-06-06 19:40:50'),(735,1,6.66667,'','2020-06-06 19:40:50'),(736,3,36,'','2020-06-06 19:40:50'),(737,4,24.02,'','2020-06-06 19:40:50'),(738,2,99.3157,'','2020-06-06 19:42:40'),(739,1,3.33333,'','2020-06-06 19:42:40'),(740,3,36,'','2020-06-06 19:42:40'),(741,4,24.02,'','2020-06-06 19:42:40'),(742,2,84.7507,'','2020-06-06 19:43:44'),(744,3,33,'','2020-06-06 19:43:44'),(746,5,0,'','2020-06-06 19:44:12'),(747,5,1,'','2020-06-06 19:44:15'),(748,2,96.9697,'','2020-06-06 19:44:19'),(749,5,0,'','2020-06-06 19:44:33'),(750,1,3.33333,'','2020-06-06 19:44:19'),(751,3,33,'','2020-06-06 19:44:19'),(752,4,24.02,'','2020-06-06 19:44:19'),(753,5,0,'','2020-06-06 19:46:47'),(754,5,1,'','2020-06-06 19:46:50'),(755,5,0,'','2020-06-06 19:46:57'),(756,5,1,'','2020-06-06 19:47:07'),(757,5,0,'','2020-06-06 19:47:38'),(758,5,1,'','2020-06-06 19:47:46'),(759,5,0,'','2020-06-06 19:47:51'),(760,5,1,'','2020-06-06 19:48:02'),(761,5,0,'','2020-06-06 19:51:50'),(762,5,1,'','2020-06-06 19:57:28'),(763,5,0,'','2020-06-06 19:57:29'),(764,5,1,'','2020-06-06 19:57:47'),(765,5,0,'','2020-06-06 19:58:38'),(766,5,1,'','2020-06-06 19:58:50'),(767,5,0,'','2020-06-06 19:59:36'),(768,5,1,'','2020-06-06 19:59:40'),(769,5,0,'','2020-06-06 20:00:40'),(770,5,1,'','2020-06-06 20:00:44'),(771,5,0,'','2020-06-06 20:01:37'),(772,5,1,'','2020-06-06 20:02:12'),(773,5,0,'','2020-06-06 20:02:17'),(774,5,1,'','2020-06-06 20:02:30'),(775,5,0,'','2020-06-06 20:03:17'),(776,5,1,'','2020-06-06 20:03:31'),(777,5,0,'','2020-06-06 20:04:44'),(778,5,1,'','2020-06-06 20:04:50'),(779,5,0,'','2020-06-06 20:06:01'),(780,5,1,'','2020-06-06 20:06:08'),(781,5,1,'','2020-06-06 20:06:47'),(782,5,0,'','2020-06-06 20:06:48'),(783,5,1,'','2020-06-06 20:06:52'),(784,5,0,'','2020-06-06 20:07:08'),(785,5,1,'','2020-06-06 20:07:11'),(786,5,1,'','2020-06-06 22:52:06'),(787,5,0,'','2020-06-06 22:52:12'),(788,5,1,'','2020-06-06 23:29:15'),(789,5,0,'','2020-06-06 23:51:47'),(790,5,1,'','2020-06-07 14:15:13'),(791,5,0,'','2020-06-07 14:15:20'),(792,5,1,'','2020-06-07 14:15:24'),(793,5,0,'','2020-06-07 14:15:49'),(794,6,1,'','2020-06-07 14:15:56'),(795,6,0,'','2020-06-07 14:16:03'),(796,5,1,'','2020-06-07 14:18:13'),(797,5,1,'','2020-06-07 14:18:48'),(798,5,0,'','2020-06-07 14:18:50'),(799,5,1,'','2020-06-07 14:19:12'),(800,5,0,'','2020-06-07 14:19:16'),(801,6,1,'','2020-06-07 14:19:25'),(802,6,0,'','2020-06-07 14:19:34'),(803,6,1,'','2020-06-07 14:21:56'),(804,6,0,'','2020-06-07 14:22:02'),(805,6,1,'','2020-06-07 14:23:37'),(806,5,1,'','2020-06-07 14:30:08'),(807,5,0,'','2020-06-07 14:30:10'),(808,6,1,'','2020-06-07 14:30:17'),(809,6,0,'','2020-06-07 14:30:23'),(810,6,1,'','2020-06-07 15:21:19'),(811,6,0,'','2020-06-07 15:21:20'),(812,6,1,'','2020-06-07 15:22:30'),(813,5,1,'','2020-06-07 15:22:34'),(814,5,0,'','2020-06-07 15:22:40'),(815,5,1,'','2020-06-07 15:22:47'),(816,6,0,'','2020-06-07 15:22:54'),(817,6,1,'','2020-06-07 15:23:00'),(818,6,0,'','2020-06-07 15:23:17'),(819,6,1,'','2020-06-07 15:54:26'),(820,6,1,'','2020-06-07 15:55:18'),(821,6,0,'','2020-06-07 15:55:38'),(822,6,1,'','2020-06-07 15:55:51'),(823,6,0,'','2020-06-07 15:56:22'),(824,6,1,'','2020-06-07 15:56:24'),(825,6,0,'','2020-06-07 15:57:35'),(826,6,1,'','2020-06-07 15:59:37'),(827,6,0,'','2020-06-07 16:03:51'),(828,6,1,'','2020-06-07 16:05:48'),(829,6,0,'','2020-06-07 16:06:46'),(830,6,1,'','2020-06-07 16:06:51'),(831,6,0,'','2020-06-07 16:07:48'),(832,6,1,'','2020-06-07 16:15:59'),(833,6,1,'','2020-06-07 16:28:57'),(834,6,0,'','2020-06-07 16:30:50'),(835,6,1,'','2020-06-07 16:30:52'),(836,6,0,'','2020-06-07 16:31:00'),(837,6,1,'','2020-06-07 16:31:04'),(838,6,0,'','2020-06-07 16:31:13'),(839,6,1,'','2020-06-07 16:31:18'),(840,6,0,'','2020-06-07 16:31:36'),(841,2,0,'No measurement taken','2020-06-08 15:12:01'),(842,1,0,'No measurement taken','2020-06-08 15:12:01'),(843,3,81,'','2020-06-08 15:12:01'),(844,4,13.05,'','2020-06-08 15:12:01'),(845,2,0,'No measurement taken','2020-06-08 15:22:19'),(846,1,486.667,'','2020-06-08 15:22:19'),(847,3,81,'','2020-06-08 15:22:19'),(848,4,13.02,'','2020-06-08 15:22:19'),(849,2,0,'No measurement taken','2020-06-08 15:22:52'),(850,1,1140,'','2020-06-08 15:22:52'),(851,3,79,'','2020-06-08 15:22:52'),(852,4,13.02,'','2020-06-08 15:22:52'),(853,2,0,'No measurement taken','2020-06-08 16:27:16'),(854,1,1133.33,'','2020-06-08 16:27:16'),(855,3,71,'','2020-06-08 16:27:16'),(856,4,14.03,'','2020-06-08 16:27:16'),(857,2,0,'','2020-06-08 16:28:37'),(858,1,1190,'','2020-06-08 16:28:37'),(859,3,71,'','2020-06-08 16:28:37'),(860,4,14.03,'','2020-06-08 16:28:37'),(861,2,67.0577,'','2020-06-08 16:30:05'),(862,1,1280,'','2020-06-08 16:30:05'),(863,3,71,'','2020-06-08 16:30:05'),(864,4,14.02,'','2020-06-08 16:30:05'),(865,2,37.3607,'','2020-06-08 16:31:27'),(866,1,1336.67,'','2020-06-08 16:31:27'),(867,3,72,'','2020-06-08 16:31:27'),(868,4,14,'','2020-06-08 16:31:27'),(869,2,36.5396,'','2020-06-08 16:31:55'),(870,1,1373.33,'','2020-06-08 16:31:55'),(873,2,73.1741,'','2020-06-08 16:32:41'),(874,1,1413.33,'','2020-06-08 16:32:41'),(875,3,73,'','2020-06-08 16:32:41'),(876,4,14,'','2020-06-08 16:32:41'),(877,2,72.6156,'','2020-06-08 16:33:37'),(878,1,1406.67,'','2020-06-08 16:33:37'),(879,3,73,'','2020-06-08 16:33:37'),(880,4,14,'','2020-06-08 16:33:37'),(881,2,0,'','2020-06-08 16:34:41'),(882,1,1176.67,'','2020-06-08 16:34:41'),(883,3,74,'','2020-06-08 16:34:41'),(884,4,14,'','2020-06-08 16:34:41'),(885,2,0,'','2020-06-08 16:35:11'),(886,1,1086.67,'','2020-06-08 16:35:11'),(887,3,74,'','2020-06-08 16:35:11'),(888,4,14,'','2020-06-08 16:35:11'),(889,2,0.139645,'','2020-06-08 16:35:34'),(890,1,173.333,'','2020-06-08 16:35:34'),(891,3,91,'','2020-06-08 16:35:34'),(892,4,14.05,'','2020-06-08 16:35:34'),(893,2,0.139645,'','2020-06-08 16:45:41'),(894,1,1220,'','2020-06-08 16:45:41'),(895,3,91,'','2020-06-08 16:45:41'),(896,4,14.08,'','2020-06-08 16:45:41'),(897,5,1,'','2020-06-08 16:45:59'),(898,5,1,'','2020-06-08 16:46:27'),(899,5,1,'','2020-06-08 16:47:08'),(900,5,0,'','2020-06-08 16:47:17'),(901,5,1,'','2020-06-08 16:47:38'),(902,5,0,'','2020-06-08 16:47:45'),(903,6,1,'','2020-06-08 17:52:12'),(904,6,0,'','2020-06-08 17:52:14'),(905,6,1,'','2020-06-08 17:52:21'),(906,6,0,'','2020-06-08 17:52:27'),(907,6,1,'','2020-06-09 14:31:26'),(908,2,0,'','2020-06-09 14:31:53'),(909,1,0,'','2020-06-09 14:31:53'),(910,3,60,'','2020-06-09 14:31:53'),(911,4,20.09,'','2020-06-09 14:31:53'),(912,6,0,'','2020-06-09 14:34:25'),(913,6,1,'','2020-06-09 14:35:39'),(914,2,0,'','2020-06-09 14:38:04'),(915,1,253.333,'','2020-06-09 14:38:04'),(916,3,52,'','2020-06-09 14:38:04'),(917,4,21,'','2020-06-09 14:38:04'),(918,5,1,'','2020-06-09 14:57:45'),(919,5,0,'','2020-06-09 14:57:48'),(920,6,1,'','2020-06-09 14:57:57'),(921,6,0,'','2020-06-09 14:58:11'),(922,2,0,'','2020-06-09 15:14:01'),(923,1,73.3333,'','2020-06-09 15:14:01'),(924,3,52,'','2020-06-09 15:14:01'),(925,4,21.02,'','2020-06-09 15:14:01'),(926,2,0,'','2020-06-09 15:20:23'),(927,1,66.6667,'','2020-06-09 15:20:23'),(928,3,50,'','2020-06-09 15:20:23'),(929,4,21.03,'','2020-06-09 15:20:23'),(930,2,0,'','2020-06-09 15:21:27'),(931,1,66.6667,'','2020-06-09 15:21:27'),(932,3,50,'','2020-06-09 15:21:27'),(934,2,0,'','2020-06-09 15:22:14'),(935,1,63.3333,'','2020-06-09 15:22:14'),(936,3,47,'','2020-06-09 15:22:14'),(937,4,21.03,'','2020-06-09 15:22:14'),(938,2,0,'','2020-06-09 15:23:07'),(939,1,63.3333,'','2020-06-09 15:23:07'),(940,3,47,'','2020-06-09 15:23:07'),(941,4,21.03,'','2020-06-09 15:23:07'),(942,6,1,'','2020-06-09 15:28:13'),(943,6,0,'','2020-06-09 15:28:18'),(944,6,1,'','2020-06-09 15:57:52'),(945,6,0,'','2020-06-09 15:57:59'),(946,2,0,'','2020-06-09 23:11:21'),(947,1,0,'','2020-06-09 23:11:21'),(948,3,43,'','2020-06-09 23:11:21'),(949,4,22,'','2020-06-09 23:11:21'),(950,2,0,'','2020-06-09 23:27:03'),(951,1,80,'','2020-06-09 23:27:03'),(952,3,38,'','2020-06-09 23:27:03'),(953,4,21.08,'','2020-06-09 23:27:03'),(954,2,0,'','2020-06-09 23:34:25'),(955,1,80,'','2020-06-09 23:34:25'),(956,3,35,'','2020-06-09 23:34:25'),(957,4,21.08,'','2020-06-09 23:34:25'),(958,5,1,'','2020-06-10 08:17:35'),(959,5,0,'','2020-06-10 08:17:49'),(960,5,1,'','2020-06-10 08:17:55'),(961,5,0,'','2020-06-10 08:18:00'),(962,2,0,'','2020-06-10 08:18:46'),(963,1,0,'','2020-06-10 08:18:46'),(964,3,37,'','2020-06-10 08:18:46'),(965,4,21.09,'','2020-06-10 08:18:46'),(966,2,0,'','2020-06-10 10:04:13'),(967,1,0,'','2020-06-10 10:04:13'),(968,3,42,'','2020-06-10 10:04:13'),(969,4,21.04,'','2020-06-10 10:04:13'),(970,5,0,'','2020-06-10 10:34:47'),(971,6,0,'','2020-06-10 10:34:48'),(972,5,0,'','2020-06-10 10:44:38'),(973,6,0,'','2020-06-10 10:44:41'),(974,5,1,'','2020-06-10 10:45:13'),(975,5,0,'','2020-06-10 10:45:55'),(976,6,0,'','2020-06-10 10:45:57'),(977,5,0,'','2020-06-10 10:46:43'),(979,5,1,'','2020-06-10 10:47:05'),(980,5,0,'','2020-06-10 10:47:35'),(981,5,1,'','2020-06-10 10:47:45'),(982,5,0,'','2020-06-10 10:48:18'),(983,5,1,'','2020-06-10 10:48:22'),(984,5,0,'','2020-06-10 10:48:32'),(985,5,1,'','2020-06-10 10:48:39'),(986,5,0,'','2020-06-10 10:48:41'),(987,6,1,'','2020-06-10 10:48:46'),(988,6,1,'','2020-06-10 10:49:30'),(989,6,1,'','2020-06-10 10:49:45'),(990,6,1,'','2020-06-10 10:49:57'),(991,6,1,'','2020-06-10 10:50:03'),(992,6,0,'','2020-06-10 10:52:55'),(995,5,0,'','2020-06-10 10:53:38'),(996,5,0,'','2020-06-10 10:53:48'),(998,6,1,'','2020-06-10 10:54:51'),(999,6,0,'','2020-06-10 10:54:54'),(1000,5,1,'','2020-06-10 10:55:21'),(1001,6,1,'','2020-06-10 10:55:38'),(1002,5,0,'','2020-06-10 10:56:05'),(1003,6,0,'','2020-06-10 10:56:06'),(1004,5,0,'','2020-06-10 11:22:45'),(1005,6,0,'','2020-06-10 11:22:46'),(1006,2,0,'','2020-06-10 11:22:59'),(1007,5,0,'','2020-06-10 11:24:30'),(1008,2,0,'','2020-06-10 11:24:33'),(1010,5,0,'','2020-06-10 11:25:48'),(1011,6,0,'','2020-06-10 11:25:52'),(1012,2,0,'','2020-06-10 11:25:50'),(1013,5,0,'','2020-06-10 11:26:45'),(1014,6,0,'','2020-06-10 11:26:48'),(1015,2,0,'','2020-06-10 11:27:15'),(1016,5,0,'','2020-06-10 11:29:56'),(1018,5,0,'','2020-06-10 11:30:10'),(1019,5,1,'','2020-06-10 11:30:20'),(1021,5,0,'','2020-06-10 11:30:40'),(1022,5,1,'','2020-06-10 11:30:44'),(1023,5,0,'','2020-06-10 11:30:51'),(1024,6,1,'','2020-06-10 11:31:01'),(1025,6,0,'','2020-06-10 11:31:38'),(1026,2,0,'','2020-06-10 11:31:47'),(1027,5,0,'','2020-06-10 11:32:21'),(1029,2,0,'','2020-06-10 11:32:31'),(1030,5,1,'','2020-06-10 11:32:49'),(1031,5,0,'','2020-06-10 11:33:58'),(1032,6,0,'','2020-06-10 11:34:02'),(1033,5,0,'','2020-06-10 11:34:54'),(1034,6,0,'','2020-06-10 11:34:56'),(1035,2,0,'','2020-06-10 11:35:15'),(1036,5,1,'','2020-06-10 11:35:31'),(1037,5,0,'','2020-06-10 11:36:23'),(1038,6,0,'','2020-06-10 11:36:26'),(1039,5,0,'','2020-06-10 11:45:13'),(1041,2,0,'','2020-06-10 11:45:38'),(1042,1,0,'','2020-06-10 11:45:38'),(1047,6,0,'','2020-06-10 11:46:27'),(1048,5,0,'','2020-06-10 11:47:30'),(1049,6,0,'','2020-06-10 11:47:31'),(1050,5,0,'','2020-06-10 11:47:46'),(1052,2,0,'','2020-06-10 11:47:54'),(1053,1,0,'','2020-06-10 11:47:54'),(1054,3,47,'','2020-06-10 11:47:54'),(1055,5,1,'','2020-06-10 11:47:59'),(1056,6,1,'','2020-06-10 11:47:59'),(1057,4,21.08,'','2020-06-10 11:47:54'),(1058,6,0,'','2020-06-10 11:48:40'),(1059,5,0,'','2020-06-10 12:10:02'),(1061,5,0,'','2020-06-11 09:00:35'),(1062,6,0,'','2020-06-11 09:00:36'),(1063,5,0,'','2020-06-11 09:01:41'),(1064,6,0,'','2020-06-11 09:01:42'),(1065,6,1,'','2020-06-11 09:14:56'),(1066,6,0,'','2020-06-11 09:15:19'),(1067,2,0,'','2020-06-11 09:15:25'),(1068,1,0,'','2020-06-11 09:15:25'),(1069,5,1,'','2020-06-11 09:15:34'),(1070,3,52,'','2020-06-11 09:15:25'),(1071,6,1,'','2020-06-11 09:15:41'),(1072,4,21.09,'','2020-06-11 09:15:25'),(1073,6,0,'','2020-06-11 09:16:39'),(1074,2,0,'','2020-06-11 09:16:59'),(1075,1,123.333,'','2020-06-11 09:16:59'),(1076,3,53,'','2020-06-11 09:16:59'),(1077,4,22,'','2020-06-11 09:16:59'),(1078,5,0,'','2020-06-11 20:39:50'),(1079,6,0,'','2020-06-11 20:39:52'),(1080,5,0,'','2020-06-11 21:27:04'),(1081,6,0,'','2020-06-11 21:27:05'),(1082,6,1,'','2020-06-11 21:27:25'),(1083,6,0,'','2020-06-11 21:27:48'),(1084,2,0,'','2020-06-11 21:28:56'),(1088,6,1,'','2020-06-11 21:29:14'),(1089,4,22.07,'','2020-06-11 21:28:56'),(1090,5,0,'','2020-06-11 21:32:38'),(1091,6,0,'','2020-06-11 21:32:39'),(1092,2,0,'','2020-06-11 21:32:56'),(1093,1,0,'','2020-06-11 21:32:56'),(1094,5,1,'','2020-06-11 21:33:10'),(1095,3,55,'','2020-06-11 21:32:56'),(1096,6,1,'','2020-06-11 21:33:16'),(1098,6,0,'','2020-06-11 21:34:00'),(1099,2,0,'','2020-06-11 21:34:17'),(1100,1,0,'','2020-06-11 21:34:17'),(1101,3,55,'','2020-06-11 21:34:17'),(1102,5,1,'','2020-06-11 21:34:22'),(1103,6,1,'','2020-06-11 21:34:22'),(1104,4,22.07,'','2020-06-11 21:34:17'),(1105,5,0,'','2020-06-11 21:37:01'),(1107,2,0,'','2020-06-11 21:37:19'),(1108,1,3.33333,'','2020-06-11 21:37:19'),(1109,3,52,'','2020-06-11 21:37:19'),(1111,5,1,'','2020-06-11 21:37:24'),(1112,6,1,'','2020-06-11 21:37:24'),(1113,5,0,'','2020-06-11 21:39:47'),(1115,6,0,'','2020-06-11 21:40:14'),(1116,5,0,'','2020-06-11 21:41:32'),(1118,6,0,'','2020-06-11 21:42:25'),(1119,5,0,'','2020-06-11 21:42:34'),(1120,2,0,'','2020-06-11 21:42:54'),(1121,1,0,'','2020-06-11 21:42:54'),(1122,5,1,'','2020-06-11 21:42:59'),(1124,6,1,'','2020-06-11 21:43:12'),(1126,5,0,'','2020-06-11 21:45:08'),(1127,6,0,'','2020-06-11 21:45:15'),(1128,5,1,'','2020-06-11 21:47:27'),(1129,5,0,'','2020-06-11 21:47:29'),(1130,6,1,'','2020-06-11 21:47:48'),(1131,6,0,'','2020-06-11 21:47:54'),(1132,2,0,'','2020-06-11 21:48:48'),(1133,1,0,'','2020-06-11 21:48:48'),(1134,5,1,'','2020-06-11 21:48:55'),(1135,3,55,'','2020-06-11 21:48:48'),(1136,6,1,'','2020-06-11 21:49:04'),(1137,4,22.08,'','2020-06-11 21:48:48'),(1138,5,0,'','2020-06-11 21:53:56'),(1139,6,0,'','2020-06-11 21:54:00'),(1140,2,0,'','2020-06-11 21:54:39'),(1141,1,0,'','2020-06-11 21:54:39'),(1142,3,55,'','2020-06-11 21:54:39'),(1143,4,22.09,'','2020-06-11 21:54:39'),(1144,5,1,'','2020-06-11 21:55:04'),(1145,6,1,'','2020-06-11 21:55:04'),(1146,5,0,'','2020-06-11 21:59:03'),(1147,6,0,'','2020-06-11 21:59:05'),(1153,6,0,'','2020-06-11 21:59:39'),(1154,2,0,'','2020-06-11 21:59:37'),(1155,1,0,'','2020-06-11 21:59:37'),(1156,3,55,'','2020-06-11 21:59:37'),(1157,4,22.09,'','2020-06-11 21:59:37'),(1158,5,1,'','2020-06-11 22:00:17'),(1159,6,1,'','2020-06-11 22:00:27'),(1160,5,0,'','2020-06-11 22:01:05'),(1162,2,0,'','2020-06-11 22:01:30'),(1163,1,0,'','2020-06-11 22:01:30'),(1164,3,52,'','2020-06-11 22:01:30'),(1165,4,22.09,'','2020-06-11 22:01:30'),(1166,5,1,'','2020-06-11 22:01:51'),(1167,6,1,'','2020-06-11 22:02:07'),(1168,5,0,'','2020-06-11 22:07:01'),(1169,6,0,'','2020-06-11 22:07:03'),(1170,5,0,'','2020-06-11 22:09:08'),(1172,6,1,'','2020-06-11 22:09:20'),(1173,6,0,'','2020-06-11 22:09:38'),(1174,6,1,'','2020-06-11 22:09:46'),(1175,6,0,'','2020-06-11 22:10:06'),(1176,2,0,'','2020-06-11 22:10:21'),(1177,1,0,'','2020-06-11 22:10:21'),(1178,3,55,'','2020-06-11 22:10:21'),(1179,4,22.09,'','2020-06-11 22:10:21'),(1180,5,1,'','2020-06-11 22:10:35'),(1181,6,1,'','2020-06-11 22:10:54'),(1182,6,0,'','2020-06-11 22:11:34'),(1183,5,0,'','2020-06-11 22:13:59'),(1184,6,0,'','2020-06-11 22:14:00'),(1185,6,1,'','2020-06-11 22:14:34'),(1186,5,0,'','2020-06-11 22:15:18'),(1187,6,0,'','2020-06-11 22:15:21'),(1188,5,0,'','2020-06-11 22:26:54'),(1189,6,0,'','2020-06-11 22:27:02'),(1190,5,0,'','2020-06-11 22:31:16'),(1191,6,0,'','2020-06-11 22:31:20'),(1192,5,0,'','2020-06-11 22:31:50'),(1193,6,0,'','2020-06-11 22:31:52'),(1194,5,0,'','2020-06-11 22:32:37'),(1195,5,0,'','2020-06-11 22:33:06'),(1196,6,0,'','2020-06-11 22:33:07'),(1197,5,0,'','2020-06-11 22:33:37'),(1198,6,0,'','2020-06-11 22:33:39'),(1199,2,0,'','2020-06-11 22:33:46'),(1200,1,0,'','2020-06-11 22:33:46'),(1201,3,55,'','2020-06-11 22:33:46'),(1202,4,23,'','2020-06-11 22:33:46'),(1203,5,0,'','2020-06-11 22:42:05'),(1204,6,0,'','2020-06-11 22:42:12'),(1205,2,0,'','2020-06-11 22:42:14'),(1206,1,0,'','2020-06-11 22:42:14'),(1207,3,55,'','2020-06-11 22:42:14'),(1208,4,23.01,'','2020-06-11 22:42:14'),(1209,5,0,'','2020-06-11 22:43:49'),(1210,6,0,'','2020-06-11 22:43:55'),(1211,5,0,'','2020-06-11 22:45:26'),(1212,6,0,'','2020-06-11 22:45:27'),(1213,5,0,'','2020-06-11 22:46:04'),(1214,6,0,'','2020-06-11 22:46:06'),(1215,5,0,'','2020-06-11 22:59:17'),(1218,1,0,'','2020-06-11 22:59:46'),(1219,3,0,'Error: Geen meting was beschikbaar','2020-06-11 22:59:46'),(1220,4,0,'Error: Geen meting was beschikbaar','2020-06-11 22:59:46'),(1221,5,0,'','2020-06-11 23:11:27'),(1222,6,0,'','2020-06-11 23:11:28'),(1223,2,0,'','2020-06-11 23:11:56'),(1224,1,0,'','2020-06-11 23:11:56'),(1225,3,55,'','2020-06-11 23:11:56'),(1226,5,0,'','2020-06-11 23:13:42'),(1227,6,0,'','2020-06-11 23:13:48'),(1228,5,0,'','2020-06-11 23:13:54'),(1229,6,0,'','2020-06-11 23:14:02'),(1230,5,0,'','2020-06-11 23:14:51'),(1231,6,0,'','2020-06-11 23:14:53'),(1232,2,0,'','2020-06-11 23:15:36'),(1233,1,0,'','2020-06-11 23:15:36'),(1234,3,55,'','2020-06-11 23:15:36'),(1235,4,22.09,'','2020-06-11 23:15:36'),(1236,5,1,'','2020-06-11 23:15:41'),(1237,6,1,'','2020-06-11 23:15:54'),(1238,5,0,'','2020-06-11 23:17:19'),(1239,6,0,'','2020-06-11 23:17:20'),(1240,2,0,'','2020-06-11 23:17:57'),(1241,1,0,'','2020-06-11 23:17:57'),(1242,3,55,'','2020-06-11 23:17:57'),(1243,4,22.09,'','2020-06-11 23:17:57'),(1244,5,1,'','2020-06-11 23:18:27'),(1245,6,1,'','2020-06-11 23:18:37'),(1246,6,0,'','2020-06-11 23:19:05'),(1247,5,0,'','2020-06-11 23:19:09'),(1248,5,0,'','2020-06-11 23:24:12'),(1249,6,0,'','2020-06-11 23:24:17'),(1250,2,0,'','2020-06-11 23:24:42'),(1251,1,0,'','2020-06-11 23:24:42'),(1252,3,55,'','2020-06-11 23:24:42'),(1253,4,22.09,'','2020-06-11 23:24:42'),(1254,6,1,'','2020-06-11 23:25:08'),(1255,6,0,'','2020-06-11 23:25:09'),(1256,2,0,'','2020-06-11 23:26:09'),(1257,1,0,'','2020-06-11 23:26:09'),(1258,3,55,'','2020-06-11 23:26:09'),(1259,4,22.09,'','2020-06-11 23:26:09'),(1260,5,1,'','2020-06-11 23:26:46'),(1261,6,1,'','2020-06-11 23:26:49'),(1262,2,0,'','2020-06-11 23:34:53'),(1263,1,0,'','2020-06-11 23:34:53'),(1264,3,52,'','2020-06-11 23:34:53'),(1265,4,22.09,'','2020-06-11 23:34:53'),(1266,5,1,'','2020-06-11 23:35:40'),(1267,6,1,'','2020-06-11 23:35:42'),(1268,5,0,'','2020-06-12 09:30:57'),(1269,6,0,'','2020-06-12 09:31:05'),(1270,2,0,'','2020-06-12 09:31:29'),(1272,3,53,'','2020-06-12 09:31:29'),(1273,4,22.06,'','2020-06-12 09:31:29'),(1274,2,0,'','2020-06-12 09:42:14'),(1275,1,6.66667,'','2020-06-12 09:42:14'),(1276,3,50,'','2020-06-12 09:42:14'),(1277,4,22.05,'','2020-06-12 09:42:14'),(1278,5,1,'','2020-06-12 09:42:46'),(1279,6,1,'','2020-06-12 09:42:55'),(1280,5,0,'','2020-06-12 09:43:48'),(1282,5,0,'','2020-06-12 09:43:53'),(1283,6,0,'','2020-06-12 09:43:55'),(1284,2,0,'','2020-06-12 09:45:45'),(1285,1,10,'','2020-06-12 09:45:45'),(1286,3,52,'','2020-06-12 09:45:45'),(1287,4,22.08,'','2020-06-12 09:45:45'),(1288,5,1,'','2020-06-12 09:46:07'),(1289,6,1,'','2020-06-12 09:46:22'),(1290,6,0,'','2020-06-12 09:50:13'),(1291,6,0,'','2020-06-12 09:50:15'),(1292,5,0,'','2020-06-12 09:50:40'),(1293,6,1,'','2020-06-12 09:50:41'),(1294,5,0,'','2020-06-12 09:50:42'),(1295,2,0,'','2020-06-12 09:52:06'),(1296,1,33.3333,'','2020-06-12 09:52:06'),(1297,3,52,'','2020-06-12 09:52:06'),(1298,4,22.08,'','2020-06-12 09:52:06'),(1299,5,1,'','2020-06-12 09:52:29'),(1300,6,1,'','2020-06-12 09:52:33'),(1301,2,0,'','2020-06-12 09:52:58'),(1302,1,30,'','2020-06-12 09:52:58'),(1303,3,52,'','2020-06-12 09:52:58'),(1304,4,23,'','2020-06-12 09:52:58'),(1305,5,1,'','2020-06-12 09:53:02'),(1306,6,1,'','2020-06-12 09:53:09'),(1307,5,0,'','2020-06-12 09:53:50'),(1310,6,0,'','2020-06-12 09:53:51'),(1313,6,1,'','2020-06-12 09:54:51'),(1314,6,0,'','2020-06-12 09:54:58'),(1315,2,0.139645,'','2020-06-12 09:59:53'),(1316,1,30,'','2020-06-12 09:59:53'),(1317,3,52,'','2020-06-12 09:59:53'),(1318,4,23.01,'','2020-06-12 09:59:53'),(1319,5,1,'','2020-06-12 10:00:30'),(1320,6,1,'','2020-06-12 10:00:39'),(1321,2,0,'','2020-06-12 10:03:14'),(1322,1,30,'','2020-06-12 10:03:14'),(1323,3,49,'','2020-06-12 10:03:14'),(1324,4,23.01,'','2020-06-12 10:03:14'),(1325,5,1,'','2020-06-12 10:03:40'),(1326,6,1,'','2020-06-12 10:03:50'),(1327,5,0,'','2020-06-12 10:08:03'),(1328,6,0,'','2020-06-12 10:08:05'),(1329,2,0,'','2020-06-12 10:09:05'),(1330,1,23.3333,'','2020-06-12 10:09:05'),(1331,3,52,'','2020-06-12 10:09:05'),(1332,4,23.02,'','2020-06-12 10:09:05'),(1333,5,1,'','2020-06-12 10:09:50'),(1334,6,1,'','2020-06-12 10:09:58'),(1335,6,0,'','2020-06-12 10:14:58'),(1336,5,0,'','2020-06-12 10:15:00'),(1339,5,0,'','2020-06-12 10:36:35'),(1340,6,0,'','2020-06-12 10:36:38'),(1341,2,0.139645,'','2020-06-12 10:37:02'),(1342,1,13.3333,'','2020-06-12 10:37:02'),(1343,3,51,'','2020-06-12 10:37:02'),(1344,4,23.03,'','2020-06-12 10:37:02'),(1345,5,1,'','2020-06-12 10:38:12'),(1346,6,1,'','2020-06-12 10:38:29'),(1347,5,0,'','2020-06-12 10:40:11'),(1348,6,0,'','2020-06-12 10:40:12'),(1349,6,0,'','2020-06-12 10:40:13'),(1350,5,0,'','2020-06-12 10:40:14'),(1351,2,0,'','2020-06-12 10:41:12'),(1352,1,10,'','2020-06-12 10:41:12'),(1353,3,51,'','2020-06-12 10:41:12'),(1354,4,22.08,'','2020-06-12 10:41:12'),(1355,5,1,'','2020-06-12 10:41:38'),(1356,6,1,'','2020-06-12 10:41:44'),(1357,5,0,'','2020-06-12 10:42:40'),(1358,5,0,'','2020-06-12 10:42:42'),(1359,6,0,'','2020-06-12 10:42:42'),(1360,6,0,'','2020-06-12 10:42:47'),(1361,2,0,'','2020-06-12 10:42:51'),(1362,1,13.3333,'','2020-06-12 10:42:51'),(1363,3,48,'','2020-06-12 10:42:51'),(1364,4,22.08,'','2020-06-12 10:42:51'),(1365,5,1,'','2020-06-12 10:43:48'),(1366,6,1,'','2020-06-12 10:43:54'),(1367,5,0,'','2020-06-12 10:45:53'),(1368,6,0,'','2020-06-12 10:45:54'),(1369,5,0,'','2020-06-12 10:45:55'),(1370,6,0,'','2020-06-12 10:45:56'),(1371,2,0,'','2020-06-12 10:46:05'),(1372,1,10,'','2020-06-12 10:46:05'),(1373,3,51,'','2020-06-12 10:46:05'),(1374,4,22.09,'','2020-06-12 10:46:05'),(1375,5,1,'','2020-06-12 10:46:11'),(1376,6,1,'','2020-06-12 10:46:21'),(1377,2,0,'','2020-06-12 10:48:30'),(1378,1,16.6667,'','2020-06-12 10:48:30'),(1379,3,48,'','2020-06-12 10:48:30'),(1380,4,22.09,'','2020-06-12 10:48:30'),(1381,5,1,'','2020-06-12 10:49:03'),(1382,6,1,'','2020-06-12 10:49:05'),(1383,5,0,'','2020-06-12 10:53:25'),(1384,6,0,'','2020-06-12 10:53:26'),(1385,2,0,'','2020-06-12 10:53:34'),(1386,1,16.6667,'','2020-06-12 10:53:34'),(1387,3,50,'','2020-06-12 10:53:34'),(1388,4,23.01,'','2020-06-12 10:53:34'),(1389,5,1,'','2020-06-12 10:53:43'),(1390,6,1,'','2020-06-12 10:54:05'),(1391,5,0,'','2020-06-12 10:54:44'),(1392,6,0,'','2020-06-12 10:54:45'),(1393,5,0,'','2020-06-12 10:54:46'),(1394,6,0,'','2020-06-12 10:54:50'),(1395,5,0,'','2020-06-12 11:01:29'),(1396,6,0,'','2020-06-12 11:01:31'),(1397,2,0,'','2020-06-12 11:01:39'),(1398,1,13.3333,'','2020-06-12 11:01:39'),(1399,3,50,'','2020-06-12 11:01:39'),(1400,4,23.01,'','2020-06-12 11:01:39'),(1401,5,1,'','2020-06-12 11:02:19'),(1402,6,1,'','2020-06-12 11:02:24'),(1403,6,0,'','2020-06-12 11:07:19'),(1404,5,0,'','2020-06-12 11:07:21'),(1405,6,0,'','2020-06-12 11:07:25'),(1406,2,0,'','2020-06-12 11:07:28'),(1407,5,0,'','2020-06-12 11:07:31'),(1408,1,10,'','2020-06-12 11:07:28'),(1409,3,47,'','2020-06-12 11:07:28'),(1410,4,23.01,'','2020-06-12 11:07:28'),(1411,5,1,'','2020-06-12 11:08:03'),(1412,6,1,'','2020-06-12 11:08:11'),(1413,2,0,'','2020-06-12 11:12:31'),(1414,1,13.3333,'','2020-06-12 11:12:31'),(1415,3,49,'','2020-06-12 11:12:31'),(1416,4,23.03,'','2020-06-12 11:12:31'),(1417,5,1,'','2020-06-12 11:12:59'),(1418,6,1,'','2020-06-12 11:13:10'),(1419,6,0,'','2020-06-12 11:17:05'),(1420,6,0,'','2020-06-12 11:17:09'),(1421,2,0,'','2020-06-12 11:23:22'),(1422,1,3.33333,'','2020-06-12 11:23:22'),(1423,3,47,'','2020-06-12 11:23:22'),(1424,4,23.03,'','2020-06-12 11:23:22'),(1425,5,1,'','2020-06-12 11:23:50'),(1426,6,1,'','2020-06-12 11:23:51'),(1427,5,0,'','2020-06-12 11:31:24'),(1428,6,0,'','2020-06-12 11:31:32'),(1429,2,0,'','2020-06-12 11:31:49'),(1430,1,10,'','2020-06-12 11:31:49'),(1431,3,49,'','2020-06-12 11:31:49'),(1432,4,23.03,'','2020-06-12 11:31:49'),(1433,5,1,'','2020-06-12 11:32:40'),(1434,6,1,'','2020-06-12 11:32:47'),(1435,2,0,'','2020-06-12 11:37:12'),(1436,1,10,'','2020-06-12 11:37:12'),(1437,3,49,'','2020-06-12 11:37:12'),(1438,4,23.04,'','2020-06-12 11:37:12'),(1439,5,1,'','2020-06-12 11:37:36'),(1440,6,1,'','2020-06-12 11:37:39'),(1441,6,0,'','2020-06-12 11:37:54'),(1442,6,0,'','2020-06-12 11:38:02'),(1443,2,0,'','2020-06-12 11:38:16'),(1444,1,19150,'','2020-06-12 11:38:16'),(1445,3,46,'','2020-06-12 11:38:16'),(1446,4,23.04,'','2020-06-12 11:38:16'),(1447,5,1,'','2020-06-12 11:38:38'),(1448,6,1,'','2020-06-12 11:38:42'),(1449,6,0,'','2020-06-12 11:39:00'),(1450,5,0,'','2020-06-12 11:41:18'),(1451,6,0,'','2020-06-12 11:41:20'),(1452,2,0,'','2020-06-12 11:41:27'),(1453,1,14670,'','2020-06-12 11:41:27'),(1454,3,49,'','2020-06-12 11:41:27'),(1455,4,23.05,'','2020-06-12 11:41:27'),(1456,5,1,'','2020-06-12 11:42:05'),(1457,6,1,'','2020-06-12 11:42:11'),(1458,6,0,'','2020-06-12 11:42:27'),(1459,5,0,'','2020-06-12 11:46:35'),(1460,6,0,'','2020-06-12 11:46:40'),(1461,2,0,'','2020-06-12 11:46:59'),(1462,1,10,'','2020-06-12 11:46:59'),(1463,3,46,'','2020-06-12 11:46:59'),(1464,4,23.05,'','2020-06-12 11:46:59'),(1465,5,1,'','2020-06-12 11:47:38'),(1466,6,1,'','2020-06-12 11:47:46'),(1467,5,0,'','2020-06-12 11:48:40'),(1468,6,0,'','2020-06-12 11:48:41'),(1469,2,0,'','2020-06-12 11:48:49'),(1470,1,10,'','2020-06-12 11:48:49'),(1471,3,49,'','2020-06-12 11:48:49'),(1472,4,23.05,'','2020-06-12 11:48:49'),(1473,5,1,'','2020-06-12 11:49:22'),(1474,6,1,'','2020-06-12 11:49:26'),(1475,5,0,'','2020-06-12 11:52:17'),(1476,6,0,'','2020-06-12 11:52:19'),(1477,2,0,'','2020-06-12 11:52:41'),(1478,1,6.66667,'','2020-06-12 11:52:41'),(1479,3,46,'','2020-06-12 11:52:41'),(1480,4,23.05,'','2020-06-12 11:52:41'),(1481,5,1,'','2020-06-12 11:52:59'),(1482,6,1,'','2020-06-12 11:52:59'),(1483,5,0,'','2020-06-12 11:56:24'),(1484,6,0,'','2020-06-12 11:56:36'),(1485,2,0,'','2020-06-12 11:56:43'),(1486,1,10,'','2020-06-12 11:56:43'),(1487,3,49,'','2020-06-12 11:56:43'),(1488,4,23.05,'','2020-06-12 11:56:43'),(1489,5,1,'','2020-06-12 11:57:20'),(1490,6,1,'','2020-06-12 11:57:24'),(1491,5,0,'','2020-06-12 11:57:56'),(1492,6,0,'','2020-06-12 11:57:56'),(1493,2,0,'','2020-06-12 11:57:56'),(1494,1,10,'','2020-06-12 11:57:56'),(1495,3,46,'','2020-06-12 11:57:56'),(1496,4,23.06,'','2020-06-12 11:57:56'),(1497,5,1,'','2020-06-12 11:58:12'),(1498,6,1,'','2020-06-12 11:58:15'),(1499,6,0,'','2020-06-12 11:59:02'),(1500,6,0,'','2020-06-12 11:59:07'),(1501,2,0,'','2020-06-12 11:59:16'),(1502,1,10,'','2020-06-12 11:59:16'),(1503,3,46,'','2020-06-12 11:59:16'),(1504,4,23.06,'','2020-06-12 11:59:16'),(1505,5,1,'','2020-06-12 11:59:33'),(1506,6,1,'','2020-06-12 11:59:33'),(1507,6,0,'','2020-06-12 12:00:34'),(1508,2,0,'','2020-06-12 12:00:32'),(1509,1,5506.67,'','2020-06-12 12:00:32'),(1510,3,46,'','2020-06-12 12:00:32'),(1511,4,23.06,'','2020-06-12 12:00:32'),(1512,5,1,'','2020-06-12 12:00:43'),(1513,6,1,'','2020-06-12 12:00:44'),(1514,5,0,'','2020-06-12 12:07:41'),(1515,6,0,'','2020-06-12 12:07:43'),(1516,2,0,'','2020-06-12 12:07:50'),(1517,1,10,'','2020-06-12 12:07:50'),(1518,3,46,'','2020-06-12 12:07:50'),(1519,4,23.06,'','2020-06-12 12:07:50'),(1520,5,1,'','2020-06-12 12:08:31'),(1521,6,1,'','2020-06-12 12:08:43'),(1522,6,0,'','2020-06-12 12:09:12'),(1523,6,0,'','2020-06-12 12:09:18'),(1524,2,0,'','2020-06-12 12:09:17'),(1525,1,6.66667,'','2020-06-12 12:09:17'),(1526,3,49,'','2020-06-12 12:09:17'),(1527,4,23.05,'','2020-06-12 12:09:17'),(1528,5,1,'','2020-06-12 12:09:55'),(1529,6,1,'','2020-06-12 12:10:04'),(1530,2,0,'','2020-06-12 12:10:12'),(1531,6,0,'','2020-06-12 12:10:16'),(1532,1,19800,'','2020-06-12 12:10:12'),(1533,3,49,'','2020-06-12 12:10:12'),(1534,4,23.04,'','2020-06-12 12:10:12'),(1535,5,1,'','2020-06-12 12:10:42'),(1536,6,1,'','2020-06-12 12:10:43'),(1537,6,0,'','2020-06-12 12:10:58'),(1538,2,0,'','2020-06-12 12:18:47'),(1539,1,6.66667,'','2020-06-12 12:18:47'),(1540,3,46,'','2020-06-12 12:18:47'),(1541,4,23.04,'','2020-06-12 12:18:47'),(1542,5,1,'','2020-06-12 12:19:13'),(1543,6,1,'','2020-06-12 12:19:17'),(1544,2,0,'','2020-06-12 12:29:22'),(1545,1,6.66667,'','2020-06-12 12:29:22'),(1546,3,49,'','2020-06-12 12:29:22'),(1547,4,23.03,'','2020-06-12 12:29:22'),(1548,5,1,'','2020-06-12 12:29:43'),(1549,6,1,'','2020-06-12 12:29:47'),(1550,2,0,'','2020-06-12 12:39:58'),(1551,1,3.33333,'','2020-06-12 12:39:58'),(1552,3,49,'','2020-06-12 12:39:58'),(1553,4,23.02,'','2020-06-12 12:39:58'),(1554,5,1,'','2020-06-12 12:40:23'),(1555,6,1,'','2020-06-12 12:40:34'),(1556,2,0,'','2020-06-12 12:43:04'),(1557,1,116.667,'','2020-06-12 12:43:04'),(1558,3,50,'','2020-06-12 12:43:04'),(1559,4,23,'','2020-06-12 12:43:04'),(1560,5,1,'','2020-06-12 12:43:35'),(1561,6,1,'','2020-06-12 12:43:42'),(1562,2,0,'','2020-06-12 12:43:45'),(1563,1,110,'','2020-06-12 12:43:45'),(1564,3,50,'','2020-06-12 12:43:45'),(1565,4,23,'','2020-06-12 12:43:45'),(1566,5,1,'','2020-06-12 12:44:06'),(1567,6,1,'','2020-06-12 12:44:11'),(1568,5,0,'','2020-06-12 12:45:59'),(1569,6,0,'','2020-06-12 12:46:02'),(1570,2,0,'','2020-06-12 12:46:17'),(1571,1,96.6667,'','2020-06-12 12:46:17'),(1572,3,50,'','2020-06-12 12:46:17'),(1573,4,23,'','2020-06-12 12:46:17'),(1574,5,1,'','2020-06-12 12:46:42'),(1575,6,1,'','2020-06-12 12:46:47'),(1576,5,0,'','2020-06-12 12:49:22'),(1577,6,0,'','2020-06-12 12:49:24'),(1578,2,0,'','2020-06-12 12:49:33'),(1579,1,93.3333,'','2020-06-12 12:49:33'),(1580,3,50,'','2020-06-12 12:49:33'),(1581,4,23,'','2020-06-12 12:49:33'),(1582,5,0,'','2020-06-12 12:51:09'),(1583,6,0,'','2020-06-12 12:51:12'),(1584,2,0,'','2020-06-12 12:51:19'),(1585,1,80,'','2020-06-12 12:51:19'),(1586,3,47,'','2020-06-12 12:51:19'),(1587,4,23,'','2020-06-12 12:51:19'),(1588,5,1,'','2020-06-12 12:51:57'),(1589,5,0,'','2020-06-12 12:52:19'),(1590,5,0,'','2020-06-12 12:52:19'),(1591,2,0,'','2020-06-12 12:52:43'),(1592,1,66.6667,'','2020-06-12 12:52:43'),(1593,3,49,'','2020-06-12 12:52:43'),(1594,4,23,'','2020-06-12 12:52:43'),(1595,5,1,'','2020-06-12 12:52:48'),(1596,5,0,'','2020-06-12 16:33:51'),(1597,6,0,'','2020-06-12 16:33:53'),(1598,2,0,'','2020-06-12 16:34:01'),(1599,1,0,'','2020-06-12 16:34:01'),(1600,3,48,'','2020-06-12 16:34:01'),(1601,4,23.08,'','2020-06-12 16:34:01'),(1602,5,1,'','2020-06-12 16:34:43'),(1603,6,1,'','2020-06-12 16:34:47'),(1604,6,0,'','2020-06-12 16:37:03'),(1605,6,0,'','2020-06-12 16:37:04'),(1606,5,0,'','2020-06-12 16:37:05'),(1607,5,0,'','2020-06-12 16:37:11'),(1608,5,0,'','2020-06-12 16:40:18'),(1609,6,0,'','2020-06-12 16:40:23'),(1610,2,0,'','2020-06-12 16:40:36'),(1611,1,80,'','2020-06-12 16:40:36'),(1612,3,45,'','2020-06-12 16:40:36'),(1613,4,23.07,'','2020-06-12 16:40:36'),(1614,5,1,'','2020-06-12 16:40:56'),(1615,6,1,'','2020-06-12 16:41:43'),(1616,6,0,'','2020-06-12 16:41:48'),(1617,5,0,'','2020-06-12 16:44:02'),(1618,6,0,'','2020-06-12 16:44:05'),(1619,2,0,'','2020-06-12 16:44:32'),(1620,1,50,'','2020-06-12 16:44:32'),(1621,3,48,'','2020-06-12 16:44:32'),(1622,4,23.07,'','2020-06-12 16:44:32'),(1623,5,1,'','2020-06-12 16:45:18'),(1624,5,0,'','2020-06-12 16:54:41'),(1625,6,0,'','2020-06-12 16:54:44'),(1626,2,0,'','2020-06-12 16:54:50'),(1627,1,93.3333,'','2020-06-12 16:54:50'),(1628,3,48,'','2020-06-12 16:54:50'),(1629,4,23.07,'','2020-06-12 16:54:50'),(1630,5,1,'','2020-06-12 16:55:38'),(1631,2,0,'','2020-06-12 16:57:53'),(1632,1,0,'','2020-06-12 16:57:53'),(1633,3,48,'','2020-06-12 16:57:53'),(1634,4,23.06,'','2020-06-12 16:57:53'),(1635,5,1,'','2020-06-12 16:58:18'),(1636,6,1,'','2020-06-12 16:58:22'),(1637,2,0,'','2020-06-12 16:58:31'),(1638,1,0,'','2020-06-12 16:58:31'),(1639,3,61,'','2020-06-12 16:58:31'),(1640,4,24,'','2020-06-12 16:58:31'),(1641,5,1,'','2020-06-12 16:59:01'),(1642,6,1,'','2020-06-12 16:59:04'),(1643,5,0,'','2020-06-12 17:03:38'),(1644,6,0,'','2020-06-12 17:03:39'),(1645,2,0,'','2020-06-12 17:03:58'),(1646,1,73.3333,'','2020-06-12 17:03:58'),(1647,3,46,'','2020-06-12 17:03:58'),(1648,4,24.05,'','2020-06-12 17:03:58'),(1649,5,1,'','2020-06-12 17:04:30'),(1650,5,0,'','2020-06-12 17:07:16'),(1651,6,0,'','2020-06-12 17:07:17'),(1652,2,0,'','2020-06-12 17:07:27'),(1653,1,116.667,'','2020-06-12 17:07:27'),(1654,3,49,'','2020-06-12 17:07:27'),(1655,4,23.05,'','2020-06-12 17:07:27'),(1656,5,1,'','2020-06-12 17:07:50'),(1657,5,0,'','2020-06-12 17:09:08'),(1658,6,0,'','2020-06-12 17:09:23'),(1659,2,0,'','2020-06-12 17:09:35'),(1660,1,126.667,'','2020-06-12 17:09:35'),(1661,3,50,'','2020-06-12 17:09:35'),(1662,4,23.01,'','2020-06-12 17:09:35'),(1663,5,1,'','2020-06-12 17:09:55'),(1664,5,0,'','2020-06-12 17:12:56'),(1665,6,0,'','2020-06-12 17:12:58'),(1666,2,0,'','2020-06-12 17:13:03'),(1667,1,60,'','2020-06-12 17:13:03'),(1668,3,51,'','2020-06-12 17:13:03'),(1669,4,22.09,'','2020-06-12 17:13:03'),(1670,5,0,'','2020-06-12 18:30:06'),(1671,6,0,'','2020-06-12 18:30:07'),(1672,2,0,'','2020-06-12 18:30:14'),(1673,1,0,'','2020-06-12 18:30:14'),(1674,3,51,'','2020-06-12 18:30:14'),(1675,4,22.08,'','2020-06-12 18:30:14'),(1676,5,1,'','2020-06-12 18:30:53'),(1677,6,1,'','2020-06-12 18:30:59'),(1678,2,0,'','2020-06-12 18:41:02'),(1679,1,96.6667,'','2020-06-12 18:41:02'),(1680,3,48,'','2020-06-12 18:41:02'),(1681,4,22.08,'','2020-06-12 18:41:02'),(1682,5,1,'','2020-06-12 18:41:24'),(1683,5,0,'','2020-06-12 18:45:01'),(1684,6,0,'','2020-06-12 18:45:02'),(1685,2,0,'','2020-06-12 18:45:08'),(1686,1,103.333,'','2020-06-12 18:45:08'),(1687,3,52,'','2020-06-12 18:45:08'),(1688,4,22.08,'','2020-06-12 18:45:08'),(1689,5,1,'','2020-06-12 18:45:54'),(1690,2,0,'','2020-06-12 18:47:24'),(1691,1,100,'','2020-06-12 18:47:24'),(1692,3,51,'','2020-06-12 18:47:24'),(1693,4,22.08,'','2020-06-12 18:47:24'),(1694,5,1,'','2020-06-12 18:47:53'),(1695,2,0,'','2020-06-12 18:56:04'),(1696,1,80,'','2020-06-12 18:56:04'),(1697,3,48,'','2020-06-12 18:56:04'),(1698,4,22.08,'','2020-06-12 18:56:04'),(1699,5,1,'','2020-06-12 18:56:46'),(1700,2,0,'','2020-06-12 19:06:50'),(1701,1,66.6667,'','2020-06-12 19:06:50'),(1702,3,52,'','2020-06-12 19:06:50'),(1703,4,22.07,'','2020-06-12 19:06:50'),(1704,5,1,'','2020-06-12 19:07:18'),(1705,2,0,'','2020-06-12 19:16:39'),(1706,1,90,'','2020-06-12 19:16:39'),(1707,3,49,'','2020-06-12 19:16:39'),(1708,4,22.07,'','2020-06-12 19:16:39'),(1709,5,1,'','2020-06-12 19:17:04'),(1710,2,0,'','2020-06-12 19:17:21'),(1711,1,83.3333,'','2020-06-12 19:17:21'),(1712,3,52,'','2020-06-12 19:17:21'),(1713,4,23,'','2020-06-12 19:17:21'),(1714,5,1,'','2020-06-12 19:17:26'),(1715,6,1,'','2020-06-12 19:17:52'),(1716,6,0,'','2020-06-12 19:23:19'),(1717,2,0,'','2020-06-12 19:27:42'),(1718,1,63.3333,'','2020-06-12 19:27:42'),(1719,3,49,'','2020-06-12 19:27:42'),(1720,4,23,'','2020-06-12 19:27:42'),(1721,5,1,'','2020-06-12 19:28:03'),(1722,5,0,'','2020-06-12 20:01:03'),(1723,6,0,'','2020-06-12 20:01:09'),(1724,2,0,'','2020-06-12 20:01:17'),(1725,1,0,'','2020-06-12 20:01:17'),(1726,3,53,'','2020-06-12 20:01:17'),(1727,4,23.03,'','2020-06-12 20:01:17'),(1728,5,1,'','2020-06-12 20:01:48'),(1729,6,1,'','2020-06-12 20:01:53'),(1730,5,0,'','2020-06-12 20:05:09'),(1731,6,0,'','2020-06-12 20:05:13'),(1732,2,0,'','2020-06-12 20:05:18'),(1733,1,30,'','2020-06-12 20:05:18'),(1734,3,52,'','2020-06-12 20:05:18'),(1735,4,23.02,'','2020-06-12 20:05:18'),(1736,5,1,'','2020-06-12 20:05:50'),(1737,5,0,'','2020-06-12 20:09:17'),(1738,6,0,'','2020-06-12 20:09:20'),(1739,2,0,'','2020-06-12 20:09:51'),(1740,1,36.6667,'','2020-06-12 20:09:51'),(1743,5,0,'','2020-06-12 20:17:08'),(1745,5,0,'','2020-06-12 20:18:37'),(1746,6,0,'','2020-06-12 20:18:39'),(1747,2,0,'','2020-06-12 20:18:44'),(1748,1,20,'','2020-06-12 20:18:44'),(1749,3,52,'','2020-06-12 20:18:44'),(1750,4,23.03,'','2020-06-12 20:18:44'),(1751,5,1,'','2020-06-12 20:19:04'),(1752,5,0,'','2020-06-12 20:20:01'),(1753,6,0,'','2020-06-12 20:20:03'),(1754,2,0,'','2020-06-12 20:20:10'),(1755,1,13.3333,'','2020-06-12 20:20:10'),(1756,3,53,'','2020-06-12 20:20:10'),(1757,4,23,'','2020-06-12 20:20:10'),(1758,5,1,'','2020-06-12 20:20:52'),(1759,5,0,'','2020-06-12 20:21:40'),(1760,6,0,'','2020-06-12 20:21:41'),(1761,2,0,'','2020-06-12 20:21:55'),(1762,1,56.6667,'','2020-06-12 20:21:55'),(1763,3,50,'','2020-06-12 20:21:55'),(1764,4,23,'','2020-06-12 20:21:55'),(1765,5,1,'','2020-06-12 20:22:22'),(1766,5,0,'','2020-06-12 20:30:23'),(1767,6,0,'','2020-06-12 20:30:24'),(1768,2,0,'','2020-06-12 20:30:37'),(1769,1,56.6667,'','2020-06-12 20:30:37'),(1770,3,52,'','2020-06-12 20:30:37'),(1771,4,23,'','2020-06-12 20:30:37'),(1772,5,1,'','2020-06-12 20:31:13'),(1773,5,0,'','2020-06-12 20:37:15'),(1774,6,0,'','2020-06-12 20:37:16'),(1775,2,0,'','2020-06-12 20:37:35'),(1776,1,46.6667,'','2020-06-12 20:37:35'),(1777,3,53,'','2020-06-12 20:37:35'),(1778,4,23,'','2020-06-12 20:37:35'),(1779,5,1,'','2020-06-12 20:38:23'),(1780,5,0,'','2020-06-12 20:40:45'),(1781,6,0,'','2020-06-12 20:40:47'),(1782,5,0,'','2020-06-12 20:42:15'),(1783,6,0,'','2020-06-12 20:42:20'),(1784,2,0,'','2020-06-12 20:42:28'),(1785,1,46.6667,'','2020-06-12 20:42:28'),(1786,3,53,'','2020-06-12 20:42:28'),(1787,4,22.09,'','2020-06-12 20:42:28'),(1788,5,1,'','2020-06-12 20:43:14'),(1789,5,0,'','2020-06-12 20:35:32'),(1790,6,0,'','2020-06-12 20:35:33'),(1791,2,0,'','2020-06-12 20:35:45'),(1792,1,0,'','2020-06-12 20:35:45'),(1793,3,52,'','2020-06-12 20:35:45'),(1794,4,23.06,'','2020-06-12 20:35:45'),(1795,5,1,'','2020-06-12 20:36:22'),(1796,6,1,'','2020-06-12 20:36:24'),(1797,5,0,'','2020-06-12 20:41:09'),(1798,6,0,'','2020-06-12 20:41:11'),(1799,2,0,'','2020-06-12 20:41:16'),(1800,1,3.33333,'','2020-06-12 20:41:16'),(1801,3,52,'','2020-06-12 20:41:16'),(1802,4,23.05,'','2020-06-12 20:41:16'),(1803,5,1,'','2020-06-12 20:41:59'),(1804,5,0,'','2020-06-12 20:45:58'),(1805,6,0,'','2020-06-12 20:45:59'),(1806,2,0,'','2020-06-12 20:46:25'),(1807,1,3.33333,'','2020-06-12 20:46:25'),(1808,3,52,'','2020-06-12 20:46:25'),(1809,4,23.04,'','2020-06-12 20:46:25'),(1810,5,1,'','2020-06-12 20:47:01'),(1811,6,1,'','2020-06-12 20:47:07'),(1812,5,0,'','2020-06-13 11:52:50'),(1813,6,0,'','2020-06-13 11:52:51'),(1814,2,15.0817,'','2020-06-13 11:53:21'),(1815,1,0,'','2020-06-13 11:53:21'),(1816,3,80,'','2020-06-13 11:53:21'),(1817,4,23.06,'','2020-06-13 11:53:21'),(1818,6,1,'','2020-06-13 11:54:24'),(1819,6,0,'','2020-06-13 11:54:39'),(1820,2,15.2213,'','2020-06-13 11:55:16'),(1821,1,3630,'','2020-06-13 11:55:16'),(1822,3,86,'','2020-06-13 11:55:16'),(1823,4,23.08,'','2020-06-13 11:55:16'),(1824,5,1,'','2020-06-13 11:55:53'),(1825,6,1,'','2020-06-13 11:56:01'),(1826,6,0,'','2020-06-13 11:56:03'),(1827,6,1,'','2020-06-13 11:56:15'),(1828,6,0,'','2020-06-13 11:56:22'),(1829,6,1,'','2020-06-13 11:56:36'),(1830,5,0,'','2020-06-13 11:59:42'),(1831,6,0,'','2020-06-13 11:59:48'),(1832,2,14.8024,'','2020-06-13 11:59:53'),(1833,1,4126.67,'','2020-06-13 11:59:53'),(1834,3,83,'','2020-06-13 11:59:53'),(1835,4,23.08,'','2020-06-13 11:59:53'),(1836,5,1,'','2020-06-13 12:00:31'),(1837,2,14.5231,'','2020-06-13 12:03:31'),(1838,1,3963.33,'','2020-06-13 12:03:31'),(1839,3,87,'','2020-06-13 12:03:31'),(1840,4,24.02,'','2020-06-13 12:03:31'),(1841,5,1,'','2020-06-13 12:03:49'),(1842,2,35.7492,'','2020-06-13 12:06:40'),(1843,1,3826.67,'','2020-06-13 12:06:40'),(1844,3,67,'','2020-06-13 12:06:40'),(1845,4,24.05,'','2020-06-13 12:06:40'),(1846,2,61.3043,'','2020-06-13 12:10:36'),(1847,1,4340,'','2020-06-13 12:10:36'),(1848,3,76,'','2020-06-13 12:10:36'),(1849,4,24.02,'','2020-06-13 12:10:36'),(1850,5,0,'','2020-06-13 12:17:51'),(1851,5,0,'','2020-06-13 12:17:58'),(1852,2,80.8546,'','2020-06-13 12:20:53'),(1853,1,4626.67,'','2020-06-13 12:20:53'),(1854,3,85,'','2020-06-13 12:20:53'),(1855,4,24.05,'','2020-06-13 12:20:53'),(1856,5,1,'','2020-06-13 12:26:48'),(1857,2,87.1387,'','2020-06-13 12:31:27'),(1858,1,5030,'','2020-06-13 12:31:27'),(1859,3,85,'','2020-06-13 12:31:27'),(1860,4,25.02,'','2020-06-13 12:31:27'),(1861,5,0,'','2020-06-13 12:35:18'),(1862,5,0,'','2020-06-13 13:03:34'),(1863,6,0,'','2020-06-13 13:03:35'),(1864,2,80.9943,'','2020-06-13 13:03:38'),(1865,1,5066.67,'','2020-06-13 13:03:38'),(1866,3,86,'','2020-06-13 13:03:38'),(1867,4,25.05,'','2020-06-13 13:03:38'),(1868,5,0,'','2020-06-13 13:04:03'),(1869,6,0,'','2020-06-13 13:04:17'),(1870,6,1,'','2020-06-13 13:05:55'),(1871,6,0,'','2020-06-13 13:06:10'),(1872,5,1,'','2020-06-13 13:06:43'),(1873,5,0,'','2020-06-13 13:10:14'),(1874,6,1,'','2020-06-13 13:13:33'),(1875,2,88.6748,'','2020-06-13 13:14:18'),(1876,1,8836.67,'','2020-06-13 13:14:18'),(1877,3,84,'','2020-06-13 13:14:18'),(1878,4,26.08,'','2020-06-13 13:14:18'),(1879,5,0,'','2020-06-13 13:14:35'),(1880,6,0,'','2020-06-13 13:14:39'),(1881,6,1,'','2020-06-13 13:14:55'),(1882,2,87.6973,'','2020-06-13 13:16:23'),(1883,1,9303.33,'','2020-06-13 13:16:23'),(1884,3,75,'','2020-06-13 13:16:23'),(1885,4,26.02,'','2020-06-13 13:16:23'),(1886,5,0,'','2020-06-13 13:16:40'),(1887,6,0,'','2020-06-13 13:16:45'),(1888,5,1,'','2020-06-13 13:18:41'),(1889,2,88.5351,'','2020-06-13 13:18:44'),(1890,1,3783.33,'','2020-06-13 13:18:44'),(1891,3,79,'','2020-06-13 13:18:44'),(1892,4,27,'','2020-06-13 13:18:44'),(1893,5,0,'','2020-06-13 13:18:55'),(1894,6,0,'','2020-06-13 13:18:56'),(1895,5,0,'','2020-06-13 13:23:53'),(1896,6,0,'','2020-06-13 13:23:54'),(1897,2,89.0937,'','2020-06-13 13:23:59'),(1898,1,3610,'','2020-06-13 13:23:59'),(1899,3,82,'','2020-06-13 13:23:59'),(1900,4,26.09,'','2020-06-13 13:23:59'),(1901,5,0,'','2020-06-13 13:24:12'),(1902,6,0,'','2020-06-13 13:24:16'),(1903,5,0,'','2020-06-13 13:28:31'),(1904,6,0,'','2020-06-13 13:28:32'),(1905,2,88.9541,'','2020-06-13 13:28:45'),(1906,1,3496.67,'','2020-06-13 13:28:45'),(1907,3,83,'','2020-06-13 13:28:45'),(1908,4,26.05,'','2020-06-13 13:28:45'),(1909,5,0,'','2020-06-13 13:28:57'),(1910,6,0,'','2020-06-13 13:28:58'),(1911,2,89.373,'','2020-06-13 13:39:02'),(1912,1,4706.67,'','2020-06-13 13:39:02'),(1913,3,80,'','2020-06-13 13:39:02'),(1914,4,26.05,'','2020-06-13 13:39:02'),(1915,5,0,'','2020-06-13 13:39:15'),(1916,6,0,'','2020-06-13 13:39:15'),(1917,2,89.5126,'','2020-06-13 13:49:20'),(1918,1,4323.33,'','2020-06-13 13:49:20'),(1919,3,83,'','2020-06-13 13:49:20'),(1920,4,27.03,'','2020-06-13 13:49:20'),(1921,5,0,'','2020-06-13 13:49:33'),(1922,6,0,'','2020-06-13 13:49:33'),(1923,2,89.5126,'','2020-06-13 13:59:39'),(1924,1,13026.7,'','2020-06-13 13:59:39'),(1925,3,80,'','2020-06-13 13:59:39'),(1926,4,27.03,'','2020-06-13 13:59:39'),(1927,5,0,'','2020-06-13 13:59:51'),(1928,6,0,'','2020-06-13 13:59:51'),(1929,2,89.9316,'','2020-06-13 14:09:57'),(1930,1,7516.67,'','2020-06-13 14:09:57'),(1931,3,83,'','2020-06-13 14:09:57'),(1932,4,27.09,'','2020-06-13 14:09:57'),(1933,5,0,'','2020-06-13 14:10:22'),(1934,6,0,'','2020-06-13 14:10:28'),(1935,2,90.0712,'','2020-06-13 14:20:39'),(1936,1,14803.3,'','2020-06-13 14:20:39'),(1937,3,82,'','2020-06-13 14:20:39'),(1938,4,30.03,'','2020-06-13 14:20:39'),(1939,5,0,'','2020-06-13 14:20:57'),(1940,6,0,'','2020-06-13 14:21:01'),(1941,5,0,'','2020-06-14 20:27:05'),(1942,6,0,'','2020-06-14 20:27:06'),(1943,2,88.5351,'','2020-06-14 20:27:14'),(1944,1,0,'','2020-06-14 20:27:14'),(1945,3,77,'','2020-06-14 20:27:14'),(1946,4,26.06,'','2020-06-14 20:27:14'),(1947,5,0,'','2020-06-14 20:27:47'),(1948,6,1,'','2020-06-14 20:27:50'),(1949,5,0,'','2020-06-14 20:30:39'),(1950,6,0,'','2020-06-14 20:30:40'),(1951,2,88.5351,'','2020-06-14 20:30:47'),(1952,1,763.333,'','2020-06-14 20:30:47'),(1953,3,55,'','2020-06-14 20:30:47'),(1954,4,21.02,'','2020-06-14 20:30:47'),(1955,5,0,'','2020-06-14 20:31:11'),(1956,6,0,'','2020-06-14 20:31:16'),(1957,6,1,'','2020-06-14 20:37:47'),(1958,6,0,'','2020-06-14 20:37:49'),(1959,6,1,'','2020-06-14 20:37:59'),(1960,6,0,'','2020-06-14 20:38:03'),(1961,6,1,'','2020-06-14 20:38:07'),(1962,6,0,'','2020-06-14 20:38:29'),(1963,2,88.8144,'','2020-06-14 20:41:19'),(1964,1,576.667,'','2020-06-14 20:41:19'),(1965,3,88,'','2020-06-14 20:41:19'),(1966,4,21.09,'','2020-06-14 20:41:19'),(1967,5,0,'','2020-06-14 20:41:48'),(1968,6,0,'','2020-06-14 20:41:50'),(1969,5,0,'','2020-06-14 20:49:13'),(1970,6,0,'','2020-06-14 20:49:16'),(1971,2,89.2333,'','2020-06-14 20:49:20'),(1972,1,443.333,'','2020-06-14 20:49:20'),(1973,3,90,'','2020-06-14 20:49:20'),(1974,4,21.08,'','2020-06-14 20:49:20'),(1975,5,0,'','2020-06-14 20:49:51'),(1976,6,0,'','2020-06-14 20:49:55'),(1977,6,1,'','2020-06-14 20:52:48'),(1978,6,0,'','2020-06-14 20:53:17'),(1979,5,0,'','2020-06-14 20:54:23'),(1980,6,0,'','2020-06-14 20:54:26'),(1981,2,89.373,'','2020-06-14 20:54:30'),(1982,1,360,'','2020-06-14 20:54:30'),(1983,3,87,'','2020-06-14 20:54:30'),(1984,4,21.08,'','2020-06-14 20:54:30'),(1985,5,0,'','2020-06-14 20:55:06'),(1986,5,0,'','2020-06-14 21:09:25'),(1987,6,0,'','2020-06-14 21:09:26'),(1988,2,89.7919,'','2020-06-14 21:09:28'),(1989,1,246.667,'','2020-06-14 21:09:28'),(1990,3,94,'','2020-06-14 21:09:28'),(1991,4,21.02,'','2020-06-14 21:09:28'),(1992,5,0,'','2020-06-14 21:10:15'),(1993,6,0,'','2020-06-14 21:10:20'),(1994,2,89.9316,'','2020-06-14 21:20:25'),(1995,1,156.667,'','2020-06-14 21:20:25'),(1996,3,92,'','2020-06-14 21:20:25'),(1997,4,21.03,'','2020-06-14 21:20:25'),(1998,6,0,'','2020-06-14 21:21:11'),(1999,2,90.0712,'','2020-06-14 21:31:24'),(2000,1,100,'','2020-06-14 21:31:24'),(2001,3,94,'','2020-06-14 21:31:24'),(2002,4,21,'','2020-06-14 21:31:24'),(2003,6,0,'','2020-06-14 21:31:48'),(2004,2,90.3505,'','2020-06-14 21:41:56'),(2005,1,60,'','2020-06-14 21:41:56'),(2006,3,93,'','2020-06-14 21:41:56'),(2007,4,20.07,'','2020-06-14 21:41:56'),(2008,6,0,'','2020-06-14 21:42:34'),(2009,2,90.3505,'','2020-06-14 21:52:41'),(2010,1,40,'','2020-06-14 21:52:41'),(2011,3,93,'','2020-06-14 21:52:41'),(2012,4,20.02,'','2020-06-14 21:52:41'),(2013,2,90.3505,'','2020-06-14 22:03:08'),(2014,1,16.6667,'','2020-06-14 22:03:08'),(2015,3,93,'','2020-06-14 22:03:08'),(2016,4,20,'','2020-06-14 22:03:08'),(2017,2,90.4902,'','2020-06-14 22:13:30'),(2018,1,3.33333,'','2020-06-14 22:13:30'),(2019,3,93,'','2020-06-14 22:13:30'),(2020,4,19.07,'','2020-06-14 22:13:30'),(2021,5,0,'','2020-06-14 22:13:58'),(2022,6,1,'','2020-06-14 22:14:01'),(2023,2,90.7694,'','2020-06-14 22:24:07'),(2024,1,0,'','2020-06-14 22:24:07'),(2025,3,93,'','2020-06-14 22:24:07'),(2026,4,19.06,'','2020-06-14 22:24:07'),(2027,5,0,'','2020-06-14 22:24:19'),(2028,6,1,'','2020-06-14 22:24:20'),(2029,2,90.7694,'','2020-06-14 22:34:28'),(2030,1,70,'','2020-06-14 22:34:28'),(2031,3,93,'','2020-06-14 22:34:28'),(2032,4,19.06,'','2020-06-14 22:34:28'),(2033,5,0,'','2020-06-14 22:34:44'),(2034,6,0,'','2020-06-14 22:41:44'),(2035,6,1,'','2020-06-14 22:44:58'),(2036,5,0,'','2020-06-15 00:21:23'),(2037,6,0,'','2020-06-15 00:21:26'),(2038,2,91.4677,'','2020-06-15 00:21:48'),(2039,1,60,'','2020-06-15 00:21:48'),(2040,3,93,'','2020-06-15 00:21:48'),(2041,4,19.06,'','2020-06-15 00:21:48'),(2042,5,0,'','2020-06-15 00:22:12'),(2043,6,0,'','2020-06-15 00:22:17'),(2044,5,0,'','2020-06-15 00:22:58'),(2045,6,0,'','2020-06-15 00:23:04'),(2046,2,91.4677,'','2020-06-15 00:23:11'),(2047,1,60,'','2020-06-15 00:23:11'),(2048,3,93,'','2020-06-15 00:23:11'),(2049,4,18.06,'','2020-06-15 00:23:11'),(2050,5,0,'','2020-06-15 00:23:46'),(2051,6,0,'','2020-06-15 00:23:51'),(2052,6,1,'','2020-06-15 00:27:09'),(2053,2,91.4677,'','2020-06-15 00:27:13'),(2054,1,66.6667,'','2020-06-15 00:27:13'),(2055,3,93,'','2020-06-15 00:27:13'),(2056,4,18.05,'','2020-06-15 00:27:13'),(2057,5,0,'','2020-06-15 00:27:59'),(2058,6,0,'','2020-06-15 00:28:06'),(2059,2,91.4677,'','2020-06-15 00:28:19'),(2060,1,60,'','2020-06-15 00:28:19'),(2061,3,93,'','2020-06-15 00:28:19'),(2062,4,18.05,'','2020-06-15 00:28:19'),(2063,5,0,'','2020-06-15 00:28:24'),(2064,6,1,'','2020-06-15 00:28:57'),(2065,2,91.328,'','2020-06-15 00:28:58'),(2066,1,66.6667,'','2020-06-15 00:28:58'),(2067,3,93,'','2020-06-15 00:28:58'),(2068,4,18.05,'','2020-06-15 00:28:58'),(2069,5,0,'','2020-06-15 00:29:25'),(2070,6,0,'','2020-06-15 00:30:04'),(2071,2,91.328,'','2020-06-15 00:30:17'),(2072,1,60,'','2020-06-15 00:30:17'),(2073,3,93,'','2020-06-15 00:30:17'),(2074,4,18.06,'','2020-06-15 00:30:17'),(2075,5,0,'','2020-06-15 00:30:49'),(2076,6,1,'','2020-06-15 00:30:51'),(2077,2,91.4677,'','2020-06-15 00:33:56'),(2078,1,66.6667,'','2020-06-15 00:33:56'),(2079,3,93,'','2020-06-15 00:33:56'),(2080,4,18.06,'','2020-06-15 00:33:56'),(2081,5,0,'','2020-06-15 00:34:37'),(2082,6,1,'','2020-06-15 00:34:45'),(2083,5,0,'','2020-06-15 10:22:18'),(2084,6,0,'','2020-06-15 10:22:21'),(2085,2,86.7197,'','2020-06-15 10:22:26'),(2086,1,0,'','2020-06-15 10:22:26'),(2087,3,95,'','2020-06-15 10:22:26'),(2088,4,22.04,'','2020-06-15 10:22:26'),(2089,5,0,'','2020-06-15 10:23:09'),(2090,6,1,'','2020-06-15 10:23:12'),(2091,5,0,'','2020-06-15 11:05:10'),(2092,6,0,'','2020-06-15 11:05:11'),(2093,2,84.0665,'','2020-06-15 11:05:20'),(2094,1,0,'','2020-06-15 11:05:20'),(2095,3,95,'','2020-06-15 11:05:20'),(2096,4,22.05,'','2020-06-15 11:05:20'),(2097,5,0,'','2020-06-15 11:05:45'),(2098,6,1,'','2020-06-15 11:05:50'),(2099,2,82.9493,'','2020-06-15 11:12:11'),(2100,1,120,'','2020-06-15 11:12:11'),(2101,3,95,'','2020-06-15 11:12:11'),(2102,4,22.04,'','2020-06-15 11:12:11'),(2103,5,0,'','2020-06-15 11:12:41'),(2104,6,1,'','2020-06-15 11:12:45'),(2105,2,83.089,'','2020-06-15 11:15:55'),(2106,1,136.667,'','2020-06-15 11:15:55'),(2107,3,95,'','2020-06-15 11:15:55'),(2108,4,22.04,'','2020-06-15 11:15:55'),(2109,5,0,'','2020-06-15 11:16:32'),(2110,6,1,'','2020-06-15 11:16:36'),(2111,2,83.9268,'','2020-06-15 11:26:54'),(2112,1,136.667,'','2020-06-15 11:26:54'),(2113,3,95,'','2020-06-15 11:26:54'),(2114,4,22.04,'','2020-06-15 11:26:54'),(2115,5,0,'','2020-06-15 11:27:21'),(2116,6,1,'','2020-06-15 11:27:32'),(2117,2,84.4854,'','2020-06-15 11:37:35'),(2118,1,106.667,'','2020-06-15 11:37:35'),(2119,3,95,'','2020-06-15 11:37:35'),(2120,4,22.05,'','2020-06-15 11:37:35'),(2121,5,0,'','2020-06-15 11:38:35'),(2122,6,1,'','2020-06-15 11:38:49'),(2123,5,0,'','2020-06-15 11:40:58'),(2124,6,0,'','2020-06-15 11:41:00'),(2125,2,84.9043,'','2020-06-15 11:41:08'),(2126,1,136.667,'','2020-06-15 11:41:08'),(2127,3,95,'','2020-06-15 11:41:08'),(2128,4,22.05,'','2020-06-15 11:41:08'),(2129,5,0,'','2020-06-15 11:42:01'),(2130,6,1,'','2020-06-15 11:42:02'),(2131,5,0,'','2020-06-15 11:46:04'),(2132,6,0,'','2020-06-15 11:46:06'),(2133,2,85.044,'','2020-06-15 11:46:11'),(2134,1,143.333,'','2020-06-15 11:46:11'),(2135,3,95,'','2020-06-15 11:46:11'),(2136,4,22.05,'','2020-06-15 11:46:11'),(2137,5,0,'','2020-06-15 11:46:49'),(2138,6,0,'','2020-06-15 11:46:53'),(2139,6,1,'','2020-06-15 11:47:07'),(2140,6,0,'','2020-06-15 11:47:16'),(2141,5,0,'','2020-06-15 11:56:28'),(2142,6,0,'','2020-06-15 11:56:29'),(2143,2,86.0215,'','2020-06-15 11:56:50'),(2144,1,110,'','2020-06-15 11:56:50'),(2145,3,95,'','2020-06-15 11:56:50'),(2146,4,22.06,'','2020-06-15 11:56:50'),(2147,5,0,'','2020-06-15 11:57:38'),(2148,6,0,'','2020-06-15 11:57:43'),(2149,6,0,'','2020-06-15 11:59:08'),(2150,6,1,'','2020-06-15 11:59:29'),(2151,5,0,'','2020-06-15 12:00:58'),(2152,6,0,'','2020-06-15 12:00:59'),(2153,2,86.3008,'','2020-06-15 12:01:14'),(2154,1,103.333,'','2020-06-15 12:01:14'),(2155,3,95,'','2020-06-15 12:01:14'),(2156,4,22.06,'','2020-06-15 12:01:14'),(2157,5,0,'','2020-06-15 12:01:55'),(2158,6,1,'','2020-06-15 12:02:23'),(2159,5,0,'','2020-06-15 12:04:04'),(2160,6,0,'','2020-06-15 12:04:05'),(2161,2,86.4404,'','2020-06-15 12:04:11'),(2162,1,140,'','2020-06-15 12:04:11'),(2163,3,95,'','2020-06-15 12:04:11'),(2164,4,22.06,'','2020-06-15 12:04:11'),(2165,5,0,'','2020-06-15 12:04:56'),(2166,6,1,'','2020-06-15 12:05:56'),(2167,5,0,'','2020-06-15 12:07:53'),(2168,6,0,'','2020-06-15 12:07:54'),(2169,2,86.8594,'','2020-06-15 12:08:02'),(2170,1,130,'','2020-06-15 12:08:02'),(2171,3,95,'','2020-06-15 12:08:02'),(2172,4,22.06,'','2020-06-15 12:08:02'),(2173,5,0,'','2020-06-15 12:08:38'),(2174,6,1,'','2020-06-15 12:08:50'),(2175,5,0,'','2020-06-15 12:09:19'),(2176,6,0,'','2020-06-15 12:09:28'),(2177,2,86.8594,'','2020-06-15 12:09:36'),(2178,1,123.333,'','2020-06-15 12:09:36'),(2179,3,95,'','2020-06-15 12:09:36'),(2180,4,22.07,'','2020-06-15 12:09:36'),(2181,5,0,'','2020-06-15 12:09:59'),(2182,6,1,'','2020-06-15 12:10:32'),(2183,5,0,'','2020-06-15 12:11:37'),(2184,6,0,'','2020-06-15 12:11:39'),(2185,2,86.999,'','2020-06-15 12:11:44'),(2186,1,123.333,'','2020-06-15 12:11:44'),(2187,3,95,'','2020-06-15 12:11:44'),(2188,4,22.07,'','2020-06-15 12:11:44'),(2189,5,0,'','2020-06-15 12:12:33'),(2190,6,1,'','2020-06-15 12:12:57'),(2191,5,0,'','2020-06-15 12:13:43'),(2192,6,0,'','2020-06-15 12:13:49'),(2193,2,86.999,'','2020-06-15 12:13:50'),(2194,1,116.667,'','2020-06-15 12:13:50'),(2195,3,95,'','2020-06-15 12:13:50'),(2196,4,22.07,'','2020-06-15 12:13:50'),(2197,5,0,'','2020-06-15 12:14:20'),(2198,6,1,'','2020-06-15 12:14:35'),(2199,5,0,'','2020-06-15 12:17:18'),(2200,6,0,'','2020-06-15 12:17:21'),(2201,2,87.2783,'','2020-06-15 12:17:35'),(2202,1,116.667,'','2020-06-15 12:17:35'),(2203,3,95,'','2020-06-15 12:17:35'),(2204,4,22.07,'','2020-06-15 12:17:35'),(2205,5,0,'','2020-06-15 12:18:03'),(2206,6,1,'','2020-06-15 12:19:19'),(2207,6,0,'automatic','2020-06-15 12:19:21'),(2208,6,1,'','2020-06-15 12:19:45'),(2209,6,0,'automatic','2020-06-15 12:19:47'),(2210,5,0,'','2020-06-15 12:20:21'),(2211,6,0,'','2020-06-15 12:20:21'),(2212,2,87.5576,'','2020-06-15 12:20:21'),(2213,1,140,'','2020-06-15 12:20:21'),(2214,3,95,'','2020-06-15 12:20:21'),(2215,4,22.08,'','2020-06-15 12:20:21'),(2216,5,0,'','2020-06-15 12:21:01'),(2217,2,87.6973,'','2020-06-15 12:31:04'),(2218,1,123.333,'','2020-06-15 12:31:04'),(2219,3,95,'','2020-06-15 12:31:04'),(2220,4,22.08,'','2020-06-15 12:31:04'),(2221,5,0,'','2020-06-15 12:31:25'),(2222,6,1,'','2020-06-15 12:37:32'),(2223,6,0,'automatic','2020-06-15 12:38:26'),(2224,6,1,'','2020-06-15 12:38:50'),(2225,6,1,'','2020-06-15 12:39:39'),(2226,6,0,'','2020-06-15 12:40:01'),(2227,6,0,'manual','2020-06-15 12:40:02'),(2228,6,0,'manual','2020-06-15 12:40:02'),(2229,6,0,'manual','2020-06-15 12:40:03'),(2230,6,1,'','2020-06-15 12:40:07'),(2231,6,0,'automatic','2020-06-15 12:41:08'),(2232,2,88.3955,'','2020-06-15 12:41:29'),(2233,1,106.667,'','2020-06-15 12:41:29'),(2234,3,95,'','2020-06-15 12:41:29'),(2235,4,22.07,'','2020-06-15 12:41:29'),(2236,5,0,'','2020-06-15 12:41:33'),(2237,6,1,'','2020-06-15 12:41:48'),(2238,6,1,'','2020-06-15 12:42:14'),(2239,6,0,'','2020-06-15 12:42:39'),(2240,6,0,'manual','2020-06-15 12:42:40'),(2241,6,1,'','2020-06-15 12:42:40'),(2242,6,0,'','2020-06-15 12:42:54'),(2243,6,0,'manual','2020-06-15 12:42:54'),(2244,6,0,'manual','2020-06-15 12:43:04'),(2245,6,0,'manual','2020-06-15 12:43:04'),(2246,6,0,'manual','2020-06-15 12:43:04'),(2247,2,88.5351,'','2020-06-15 12:51:55'),(2248,1,120,'','2020-06-15 12:51:55'),(2249,3,95,'','2020-06-15 12:51:55'),(2250,4,22.08,'','2020-06-15 12:51:55'),(2251,5,0,'','2020-06-15 12:52:32'),(2252,5,0,'','2020-06-15 12:55:03'),(2253,6,0,'','2020-06-15 12:55:05'),(2254,2,88.5351,'','2020-06-15 12:55:14'),(2255,1,110,'','2020-06-15 12:55:14'),(2256,3,95,'','2020-06-15 12:55:14'),(2257,4,22.08,'','2020-06-15 12:55:14'),(2258,5,0,'','2020-06-15 12:55:43'),(2259,5,0,'','2020-06-15 12:55:59'),(2260,5,1,'manual','2020-06-15 12:56:43'),(2261,5,0,'manual','2020-06-15 12:56:46'),(2262,5,1,'manual','2020-06-15 12:56:48'),(2263,5,0,'manual','2020-06-15 12:57:01'),(2264,5,0,'automatic','2020-06-15 12:57:01'),(2265,5,0,'automatic','2020-06-15 12:57:05'),(2266,5,0,'automatic','2020-06-15 12:57:10'),(2267,5,0,'automatic','2020-06-15 12:57:10'),(2268,5,1,'manual','2020-06-15 12:57:13'),(2269,5,0,'manual','2020-06-15 12:57:29'),(2270,5,0,'automatic','2020-06-15 12:57:30'),(2271,5,0,'automatic','2020-06-15 12:57:31'),(2272,5,1,'manual','2020-06-15 12:57:35'),(2273,5,0,'manual','2020-06-15 12:57:42'),(2274,5,0,'automatic','2020-06-15 12:57:49'),(2275,5,0,'automatic','2020-06-15 12:57:51'),(2276,5,1,'manual','2020-06-15 12:58:09'),(2277,5,0,'','2020-06-15 13:00:21'),(2278,6,0,'','2020-06-15 13:00:22'),(2279,2,88.5351,'','2020-06-15 13:00:33'),(2280,1,120,'','2020-06-15 13:00:33'),(2281,3,95,'','2020-06-15 13:00:33'),(2282,4,22.08,'','2020-06-15 13:00:33'),(2283,5,1,'manual','2020-06-15 13:01:38'),(2284,5,0,'manual','2020-06-15 13:01:56'),(2285,5,0,'automatic','2020-06-15 13:02:05'),(2286,2,89.0937,'','2020-06-15 13:11:26'),(2287,1,106.667,'','2020-06-15 13:11:26'),(2288,3,95,'','2020-06-15 13:11:26'),(2289,4,22.09,'','2020-06-15 13:11:26'),(2290,2,89.0937,'','2020-06-15 13:21:46'),(2291,1,130,'','2020-06-15 13:21:46'),(2292,3,95,'','2020-06-15 13:21:46'),(2293,4,22.09,'','2020-06-15 13:21:46'),(2294,2,89.5126,'','2020-06-15 13:32:20'),(2295,1,90,'','2020-06-15 13:32:20'),(2296,3,95,'','2020-06-15 13:32:20'),(2297,4,23,'','2020-06-15 13:32:20'),(2298,2,89.5126,'','2020-06-15 13:42:32'),(2299,1,140,'','2020-06-15 13:42:32'),(2300,3,95,'','2020-06-15 13:42:32'),(2301,4,23,'','2020-06-15 13:42:32'),(2302,2,89.6523,'','2020-06-15 13:52:45'),(2303,1,80,'','2020-06-15 13:52:45'),(2304,3,95,'','2020-06-15 13:52:45'),(2305,4,23.01,'','2020-06-15 13:52:45'),(2306,2,89.7919,'','2020-06-15 14:03:05'),(2307,1,126.667,'','2020-06-15 14:03:05'),(2308,3,95,'','2020-06-15 14:03:05'),(2309,4,23,'','2020-06-15 14:03:05'),(2310,2,90.0712,'','2020-06-15 14:13:28'),(2311,1,133.333,'','2020-06-15 14:13:28'),(2312,3,95,'','2020-06-15 14:13:28'),(2313,4,23,'','2020-06-15 14:13:28'),(2314,2,90.0712,'','2020-06-15 14:23:42'),(2315,1,93.3333,'','2020-06-15 14:23:42'),(2316,3,95,'','2020-06-15 14:23:42'),(2317,4,23,'','2020-06-15 14:23:42'),(2318,2,90.2109,'','2020-06-15 14:34:16'),(2319,1,66.6667,'','2020-06-15 14:34:16'),(2320,3,95,'','2020-06-15 14:34:16'),(2321,4,23,'','2020-06-15 14:34:16'),(2322,2,90.2109,'','2020-06-15 14:35:21'),(2323,1,66.6667,'','2020-06-15 14:35:21'),(2324,3,95,'','2020-06-15 14:35:21'),(2325,4,23,'','2020-06-15 14:35:21'),(2326,2,90.7694,'','2020-06-15 14:44:36'),(2327,1,56.6667,'','2020-06-15 14:44:36'),(2328,3,95,'','2020-06-15 14:44:36'),(2329,4,23,'','2020-06-15 14:44:36'),(2330,6,1,'manual','2020-06-15 14:48:16'),(2331,2,90.7694,'','2020-06-15 14:55:05'),(2332,1,70,'','2020-06-15 14:55:05'),(2333,3,95,'','2020-06-15 14:55:05'),(2334,4,23,'','2020-06-15 14:55:05'),(2335,2,90.7694,'','2020-06-15 15:05:27'),(2336,1,96.6667,'','2020-06-15 15:05:27'),(2337,3,95,'','2020-06-15 15:05:27'),(2338,4,23,'','2020-06-15 15:05:27'),(2339,5,0,'automatic','2020-06-15 15:13:19'),(2340,6,0,'automatic','2020-06-15 15:13:22'),(2341,2,90.7694,'','2020-06-15 15:13:36'),(2342,1,93.3333,'','2020-06-15 15:13:36'),(2343,3,95,'','2020-06-15 15:13:36'),(2344,4,23,'','2020-06-15 15:13:36'),(2345,2,90.7694,'','2020-06-15 15:24:24'),(2346,1,56.6667,'','2020-06-15 15:24:24'),(2347,3,95,'','2020-06-15 15:24:24'),(2348,4,23,'','2020-06-15 15:24:24'),(2349,2,90.7694,'','2020-06-15 15:34:45'),(2350,1,80,'','2020-06-15 15:34:45'),(2351,3,95,'','2020-06-15 15:34:45'),(2352,4,23,'','2020-06-15 15:34:45'),(2353,5,0,'automatic','2020-06-15 15:37:12'),(2354,6,0,'automatic','2020-06-15 15:37:13'),(2355,2,90.7694,'','2020-06-15 15:37:21'),(2356,1,73.3333,'','2020-06-15 15:37:21'),(2357,3,95,'','2020-06-15 15:37:21'),(2358,4,22.09,'','2020-06-15 15:37:21'),(2359,2,91.0487,'','2020-06-15 15:48:02'),(2360,1,66.6667,'','2020-06-15 15:48:02'),(2361,3,95,'','2020-06-15 15:48:02'),(2362,4,22.09,'','2020-06-15 15:48:02'),(2363,2,91.0487,'','2020-06-15 15:58:48'),(2364,1,66.6667,'','2020-06-15 15:58:48'),(2365,3,95,'','2020-06-15 15:58:48'),(2366,4,23,'','2020-06-15 15:58:48'),(2367,2,91.1884,'','2020-06-15 16:09:08'),(2368,1,60,'','2020-06-15 16:09:08'),(2369,3,95,'','2020-06-15 16:09:08'),(2370,4,23,'','2020-06-15 16:09:08'),(2371,2,91.1884,'','2020-06-15 16:19:30'),(2372,1,46.6667,'','2020-06-15 16:19:30'),(2373,3,95,'','2020-06-15 16:19:30'),(2374,4,23,'','2020-06-15 16:19:30'),(2375,2,91.328,'','2020-06-15 16:29:47'),(2376,1,63.3333,'','2020-06-15 16:29:47'),(2377,3,95,'','2020-06-15 16:29:47'),(2378,4,23,'','2020-06-15 16:29:47'),(2379,2,91.328,'','2020-06-15 16:40:21'),(2380,1,86.6667,'','2020-06-15 16:40:21'),(2381,3,95,'','2020-06-15 16:40:21'),(2382,4,23,'','2020-06-15 16:40:21'),(2383,6,1,'manual','2020-06-15 16:44:18'),(2384,6,0,'manual','2020-06-15 16:44:20'),(2385,6,0,'automatic','2020-06-15 16:44:20'),(2386,6,1,'manual','2020-06-15 16:44:28'),(2387,6,0,'manual','2020-06-15 16:47:49'),(2388,6,0,'automatic','2020-06-15 16:47:51'),(2389,6,1,'manual','2020-06-15 16:47:59'),(2390,5,1,'manual','2020-06-15 16:48:03'),(2391,5,0,'manual','2020-06-15 16:48:11'),(2392,5,0,'automatic','2020-06-15 16:48:11'),(2393,2,91.4677,'','2020-06-15 16:50:38'),(2394,1,96.6667,'','2020-06-15 16:50:38'),(2395,3,95,'','2020-06-15 16:50:38'),(2396,4,23.01,'','2020-06-15 16:50:38'),(2397,2,91.4677,'','2020-06-15 17:01:02'),(2398,1,156.667,'','2020-06-15 17:01:02'),(2399,3,95,'','2020-06-15 17:01:02'),(2400,4,23.01,'','2020-06-15 17:01:02'),(2401,6,0,'manual','2020-06-15 17:10:07'),(2402,6,0,'automatic','2020-06-15 17:10:09'),(2403,2,91.4677,'','2020-06-15 17:11:39'),(2404,1,146.667,'','2020-06-15 17:11:39'),(2405,3,95,'','2020-06-15 17:11:39'),(2406,4,23.02,'','2020-06-15 17:11:39'),(2407,5,0,'automatic','2020-06-15 17:11:58'),(2408,2,91.6073,'','2020-06-15 17:21:59'),(2409,1,150,'','2020-06-15 17:21:59'),(2410,3,95,'','2020-06-15 17:21:59'),(2411,4,23.03,'','2020-06-15 17:21:59'),(2412,5,0,'automatic','2020-06-15 17:22:19'),(2413,2,91.6073,'','2020-06-15 17:32:25'),(2414,1,66.6667,'','2020-06-15 17:32:25'),(2415,3,95,'','2020-06-15 17:32:25'),(2416,4,23.03,'','2020-06-15 17:32:25'),(2417,5,0,'automatic','2020-06-15 17:32:38');
/*!40000 ALTER TABLE `Metingen` ENABLE KEYS */;
UNLOCK TABLES;

--
-- Table structure for table `Settings`
--

DROP TABLE IF EXISTS `Settings`;
/*!40101 SET @saved_cs_client     = @@character_set_client */;
/*!40101 SET character_set_client = utf8 */;
CREATE TABLE `Settings` (
  `settingId` int(11) NOT NULL AUTO_INCREMENT,
  `deviceId` int(11) NOT NULL,
  `waarde` float NOT NULL DEFAULT 0,
  `type` varchar(30) NOT NULL DEFAULT '0',
  PRIMARY KEY (`settingId`),
  KEY `fk_Settings_Devices1_idx` (`deviceId`),
  KEY `IDX_deviceId` (`deviceId`),
  CONSTRAINT `fk_Settings_Devices1` FOREIGN KEY (`deviceId`) REFERENCES `Devices` (`deviceId`) ON DELETE NO ACTION ON UPDATE NO ACTION
) ENGINE=InnoDB AUTO_INCREMENT=54 DEFAULT CHARSET=utf8;
/*!40101 SET character_set_client = @saved_cs_client */;

--
-- Dumping data for table `Settings`
--

LOCK TABLES `Settings` WRITE;
/*!40000 ALTER TABLE `Settings` DISABLE KEYS */;
INSERT INTO `Settings` VALUES (1,1,0,'min'),(2,1,3000,'max'),(3,2,15,'min'),(4,2,45,'max'),(5,3,22,'min'),(6,3,43,'max'),(7,4,21,'min'),(8,4,26,'max');
/*!40000 ALTER TABLE `Settings` ENABLE KEYS */;
UNLOCK TABLES;

--
-- Dumping events for database 'littleGarden'
--

--
-- Dumping routines for database 'littleGarden'
--
/*!40103 SET TIME_ZONE=@OLD_TIME_ZONE */;

/*!40101 SET SQL_MODE=@OLD_SQL_MODE */;
/*!40014 SET FOREIGN_KEY_CHECKS=@OLD_FOREIGN_KEY_CHECKS */;
/*!40014 SET UNIQUE_CHECKS=@OLD_UNIQUE_CHECKS */;
/*!40101 SET CHARACTER_SET_CLIENT=@OLD_CHARACTER_SET_CLIENT */;
/*!40101 SET CHARACTER_SET_RESULTS=@OLD_CHARACTER_SET_RESULTS */;
/*!40101 SET COLLATION_CONNECTION=@OLD_COLLATION_CONNECTION */;
/*!40111 SET SQL_NOTES=@OLD_SQL_NOTES */;

-- Dump completed on 2020-06-15 17:37:20
